{"files": {"|games/GAMEBOY/Palettes/Default/Andrade.gbp": {"hash": "046f455e728938b019506b4325d77962", "size": 16, "tags": [22, 23, 24], "zip_id": "gameboy_palettes"}, "|games/GAMEBOY/Palettes/Default/Biverted.gbp": {"hash": "86ea1d41db6f5d914e195627c8454080", "size": 16, "tags": [22, 23, 24], "zip_id": "gameboy_palettes"}, "|games/GAMEBOY/Palettes/Default/Chocolate.gbp": {"hash": "afe521b618646140fd44296ff8876e38", "size": 16, "tags": [22, 23, 24], "zip_id": "gameboy_palettes"}, "|games/GAMEBOY/Palettes/Default/DMG.gbp": {"hash": "a0f6b4002c162a53499bb60390ca4a84", "size": 16, "tags": [22, 23, 24], "zip_id": "gameboy_palettes"}, "|games/GAMEBOY/Palettes/Default/GrafxGray.gbp": {"hash": "10d4b62e39a0c47615770ffab949d0b1", "size": 16, "tags": [22, 23, 24], "zip_id": "gameboy_palettes"}, "|games/GAMEBOY/Palettes/Default/GrafxGreen.gbp": {"hash": "38856cbef20ad8bc31a5e294ec1dfb48", "size": 16, "tags": [22, 23, 24], "zip_id": "gameboy_palettes"}, "|games/GAMEBOY/Palettes/Default/KidIcarus.gbp": {"hash": "4df4bb42831b33f0abda19281088f8be", "size": 16, "tags": [22, 23, 24], "zip_id": "gameboy_palettes"}, "|games/GAMEBOY/Palettes/Default/Kirby.gbp": {"hash": "47fff37306d58fc117de721058c48cd6", "size": 16, "tags": [22, 23, 24], "zip_id": "gameboy_palettes"}, "|games/GAMEBOY/Palettes/Default/LinksAwakening.gbp": {"hash": "2ed444a01ecaceef8fb20f21522194e1", "size": 16, "tags": [22, 23, 24], "zip_id": "gameboy_palettes"}, "|games/GAMEBOY/Palettes/Default/MegaManV.gbp": {"hash": "d1e358941710765f5f9a23bebb00fda7", "size": 16, "tags": [22, 23, 24], "zip_id": "gameboy_palettes"}, "|games/GAMEBOY/Palettes/Default/MetroidII.gbp": {"hash": "f77529899dcf7d206a5370d9514b7bc6", "size": 16, "tags": [22, 23, 24], "zip_id": "gameboy_palettes"}, "|games/GAMEBOY/Palettes/Default/PJ.gbp": {"hash": "9c1a0ad33a6df32f9c428dc9e384f216", "size": 16, "tags": [22, 23, 24], "zip_id": "gameboy_palettes"}, "|games/GAMEBOY/Palettes/Default/Pastel.gbp": {"hash": "70bbb64b51020ca7e49c1b613100c55d", "size": 16, "tags": [22, 23, 24], "zip_id": "gameboy_palettes"}, "|games/GAMEBOY/Palettes/Default/Pokemon.gbp": {"hash": "b00f1891e7ab1ac7b644e52bd6ebdf16", "size": 16, "tags": [22, 23, 24], "zip_id": "gameboy_palettes"}, "|games/GAMEBOY/Palettes/Default/Red.gbp": {"hash": "ef5f7dcd504655d263d2065ae71f4ad9", "size": 16, "tags": [22, 23, 24], "zip_id": "gameboy_palettes"}, "|games/GAMEBOY/Palettes/Default/SGBDefault.gbp": {"hash": "52927c0ce81272df0b0e1282138b1140", "size": 16, "tags": [22, 23, 24], "zip_id": "gameboy_palettes"}, "|games/GAMEBOY/Palettes/Default/SML2.gbp": {"hash": "3c9eff5ae0814b53bf2e9e1f38dcc82c", "size": 16, "tags": [22, 23, 24], "zip_id": "gameboy_palettes"}, "|games/GAMEBOY/Palettes/Default/Sameboy.gbp": {"hash": "15264455fc1e25a43bb84459cfaad7df", "size": 16, "tags": [22, 23, 24], "zip_id": "gameboy_palettes"}, "|games/GAMEBOY/Palettes/Default/Yellow.gbp": {"hash": "2eb69a8aabf85cffb4b3377d21cb0a44", "size": 16, "tags": [22, 23, 24], "zip_id": "gameboy_palettes"}, "|games/GAMEBOY/Palettes/Extra/Angry Volcano.gbp": {"hash": "9e5dc8d1cb1a66182c85c879428be543", "size": 16, "tags": [22, 23, 24], "zip_id": "gameboy_palettes"}, "|games/GAMEBOY/Palettes/Extra/Avalon.gbp": {"hash": "af7802327ecddaefe8e614b55a4c0629", "size": 16, "tags": [22, 23, 24], "zip_id": "gameboy_palettes"}, "|games/GAMEBOY/Palettes/Extra/Bicycle.gbp": {"hash": "9fce33b25efe6c58814cac79e82aa0ed", "size": 16, "tags": [22, 23, 24], "zip_id": "gameboy_palettes"}, "|games/GAMEBOY/Palettes/Extra/Blk Aqu4.gbp": {"hash": "96da3b1f7ad2537e9469a9aab69b9034", "size": 16, "tags": [22, 23, 24], "zip_id": "gameboy_palettes"}, "|games/GAMEBOY/Palettes/Extra/Blue Gameboy.gbp": {"hash": "4d8b8d7e08e68c02fe4169ac4be5e68a", "size": 16, "tags": [22, 23, 24], "zip_id": "gameboy_palettes"}, "|games/GAMEBOY/Palettes/Extra/Blue Seni.gbp": {"hash": "666c76f2d98969860a079e35418db58b", "size": 16, "tags": [22, 23, 24], "zip_id": "gameboy_palettes"}, "|games/GAMEBOY/Palettes/Extra/Cave4.gbp": {"hash": "41240e7ae275247c0e2d743906f4d628", "size": 16, "tags": [22, 23, 24], "zip_id": "gameboy_palettes"}, "|games/GAMEBOY/Palettes/Extra/Christmas.gbp": {"hash": "a1d2d914538d2eccbd2668fda76e6dce", "size": 16, "tags": [22, 23, 24], "zip_id": "gameboy_palettes"}, "|games/GAMEBOY/Palettes/Extra/Coldfire.gbp": {"hash": "1a494d1c5eb83d0db3e0bbf0f9a6711a", "size": 16, "tags": [22, 23, 24], "zip_id": "gameboy_palettes"}, "|games/GAMEBOY/Palettes/Extra/Darkboy4.gbp": {"hash": "ecdde1bb55333549ba999b22ddedbd66", "size": 16, "tags": [22, 23, 24], "zip_id": "gameboy_palettes"}, "|games/GAMEBOY/Palettes/Extra/Do the Dew.gbp": {"hash": "40bc8a7896b25eab6bc4acec6845e735", "size": 16, "tags": [22, 23, 24], "zip_id": "gameboy_palettes"}, "|games/GAMEBOY/Palettes/Extra/Earth.gbp": {"hash": "750f938309dbf0ea74574c6bf1644d5f", "size": 16, "tags": [22, 23, 24], "zip_id": "gameboy_palettes"}, "|games/GAMEBOY/Palettes/Extra/Easy Greens.gbp": {"hash": "d28a3f229c889cb4bd22221a04379c4c", "size": 16, "tags": [22, 23, 24], "zip_id": "gameboy_palettes"}, "|games/GAMEBOY/Palettes/Extra/Gruel.gbp": {"hash": "b2dde574db2cdb80bbac9f5c87fc37d6", "size": 16, "tags": [22, 23, 24], "zip_id": "gameboy_palettes"}, "|games/GAMEBOY/Palettes/Extra/Hisato no Iro.gbp": {"hash": "821488423ba0aed3a0f04846c18cfab2", "size": 16, "tags": [22, 23, 24], "zip_id": "gameboy_palettes"}, "|games/GAMEBOY/Palettes/Extra/Ice Cream.gbp": {"hash": "d725049cbe22aaa18c5579ff95ef989f", "size": 16, "tags": [22, 23, 24], "zip_id": "gameboy_palettes"}, "|games/GAMEBOY/Palettes/Extra/Kiosk.gbp": {"hash": "fe66849ee55d95b2cb4620ed41273f8e", "size": 16, "tags": [22, 23, 24], "zip_id": "gameboy_palettes"}, "|games/GAMEBOY/Palettes/Extra/Kirokaze.gbp": {"hash": "599092fc83e112d8940a02d529f4c6f3", "size": 16, "tags": [22, 23, 24], "zip_id": "gameboy_palettes"}, "|games/GAMEBOY/Palettes/Extra/Muddysand.gbp": {"hash": "aa6213ea972648e4563b452ddd4c5d54", "size": 16, "tags": [22, 23, 24], "zip_id": "gameboy_palettes"}, "|games/GAMEBOY/Palettes/Extra/NASCAR.gbp": {"hash": "d35274e2ec26071b33a7a6607d5b456a", "size": 16, "tags": [22, 23, 24], "zip_id": "gameboy_palettes"}, "|games/GAMEBOY/Palettes/Extra/Nostalgia.gbp": {"hash": "25eec6e597fa39d92890a539d7bae44a", "size": 16, "tags": [22, 23, 24], "zip_id": "gameboy_palettes"}, "|games/GAMEBOY/Palettes/Extra/Novocaine.gbp": {"hash": "740733bace665355ab5d44f7240e3f89", "size": 16, "tags": [22, 23, 24], "zip_id": "gameboy_palettes"}, "|games/GAMEBOY/Palettes/Extra/Nymph.gbp": {"hash": "daa8c1f00c37a40e37ed2fa71716357e", "size": 16, "tags": [22, 23, 24], "zip_id": "gameboy_palettes"}, "|games/GAMEBOY/Palettes/Extra/Penny.gbp": {"hash": "46835a5f472e16a110f870253e5397fa", "size": 16, "tags": [22, 23, 24], "zip_id": "gameboy_palettes"}, "|games/GAMEBOY/Palettes/Extra/Platinum.gbp": {"hash": "dcbb672f2a7603c25b090b2dc28bb0d1", "size": 16, "tags": [22, 23, 24], "zip_id": "gameboy_palettes"}, "|games/GAMEBOY/Palettes/Extra/Purpledawn.gbp": {"hash": "9bae8316c7e41cf6d8266c8c1f7f6b43", "size": 16, "tags": [22, 23, 24], "zip_id": "gameboy_palettes"}, "|games/GAMEBOY/Palettes/Extra/Retro Bogeda.gbp": {"hash": "aaee29fce2d33b3c69b3943dd752d123", "size": 16, "tags": [22, 23, 24], "zip_id": "gameboy_palettes"}, "|games/GAMEBOY/Palettes/Extra/Rustic.gbp": {"hash": "57c6a4ed6ca8069b3d2834b50128abc1", "size": 16, "tags": [22, 23, 24], "zip_id": "gameboy_palettes"}, "|games/GAMEBOY/Palettes/Extra/Scooby-Doo Mystery.gbp": {"hash": "56c8882471f22e78dfe3d6d434e2555e", "size": 16, "tags": [22, 23, 24], "zip_id": "gameboy_palettes"}, "|games/GAMEBOY/Palettes/Extra/Spacehaze.gbp": {"hash": "c6f3109ed9ce60f08a0085296cc3dc0f", "size": 16, "tags": [22, 23, 24], "zip_id": "gameboy_palettes"}, "|games/GAMEBOY/Palettes/Extra/Wish.gbp": {"hash": "50aee9c1a2062f86402c88121ad4c02e", "size": 16, "tags": [22, 23, 24], "zip_id": "gameboy_palettes"}, "|games/GAMEBOY/Palettes/Extra/Workbench.gbp": {"hash": "ee192ef34370ee6d5d872089dfe77285", "size": 16, "tags": [22, 23, 24], "zip_id": "gameboy_palettes"}, "|games/GAMEBOY/Palettes/Extra/bgb Emulator green.gbp": {"hash": "ad9b4177a6646ea77affeb7aa54c6935", "size": 16, "tags": [22, 23, 24], "zip_id": "gameboy_palettes"}, "|games/GAMEBOY/Palettes/Extra/blue.gbp": {"hash": "1bbbd742ce01c7eca116f0d87e059ccc", "size": 16, "tags": [22, 23, 24], "zip_id": "gameboy_palettes"}, "|games/GAMEBOY/Palettes/SGB/1-A.gbp": {"hash": "059e89e55acc990244e97463c47366e9", "size": 16, "tags": [22, 23, 24], "zip_id": "gameboy_palettes"}, "|games/GAMEBOY/Palettes/SGB/1-B.gbp": {"hash": "29bd1e2f190af2474863dfb19e063339", "size": 16, "tags": [22, 23, 24], "zip_id": "gameboy_palettes"}, "|games/GAMEBOY/Palettes/SGB/1-C.gbp": {"hash": "ad57b1e28d7cb3a19f6f97263e17218c", "size": 16, "tags": [22, 23, 24], "zip_id": "gameboy_palettes"}, "|games/GAMEBOY/Palettes/SGB/1-D.gbp": {"hash": "5c6027dcaf5907ca29bacc1e150ce472", "size": 16, "tags": [22, 23, 24], "zip_id": "gameboy_palettes"}, "|games/GAMEBOY/Palettes/SGB/1-E.gbp": {"hash": "bd2266bafb8cf04a3546e77d23477be7", "size": 16, "tags": [22, 23, 24], "zip_id": "gameboy_palettes"}, "|games/GAMEBOY/Palettes/SGB/1-F.gbp": {"hash": "02475cc61d4e67152999cefac465e20a", "size": 16, "tags": [22, 23, 24], "zip_id": "gameboy_palettes"}, "|games/GAMEBOY/Palettes/SGB/1-G.gbp": {"hash": "2a5f178a37b6adca6a38a4cb3094d520", "size": 16, "tags": [22, 23, 24], "zip_id": "gameboy_palettes"}, "|games/GAMEBOY/Palettes/SGB/1-H.gbp": {"hash": "52b12efd0aa7bb6a4c5abb770648e54e", "size": 16, "tags": [22, 23, 24], "zip_id": "gameboy_palettes"}, "|games/GAMEBOY/Palettes/SGB/2-A.gbp": {"hash": "58484d42a8e2490831a22d23b40a21f6", "size": 16, "tags": [22, 23, 24], "zip_id": "gameboy_palettes"}, "|games/GAMEBOY/Palettes/SGB/2-B.gbp": {"hash": "e597aa4c0156a69b7efcb5ab5974fc1b", "size": 16, "tags": [22, 23, 24], "zip_id": "gameboy_palettes"}, "|games/GAMEBOY/Palettes/SGB/2-C.gbp": {"hash": "118a0647205c6356ef0a700ef748589d", "size": 16, "tags": [22, 23, 24], "zip_id": "gameboy_palettes"}, "|games/GAMEBOY/Palettes/SGB/2-D.gbp": {"hash": "cf5e327cddfd815e32861554ea95f0fa", "size": 16, "tags": [22, 23, 24], "zip_id": "gameboy_palettes"}, "|games/GAMEBOY/Palettes/SGB/2-E.gbp": {"hash": "185ffdfdbd63c4ea9ef7baab70cc2367", "size": 16, "tags": [22, 23, 24], "zip_id": "gameboy_palettes"}, "|games/GAMEBOY/Palettes/SGB/2-F.gbp": {"hash": "8a04b558ba4ac3c64f17f295ce6a7eb8", "size": 16, "tags": [22, 23, 24], "zip_id": "gameboy_palettes"}, "|games/GAMEBOY/Palettes/SGB/2-G.gbp": {"hash": "1c293c1f7686b0762eb4071d58cbe231", "size": 16, "tags": [22, 23, 24], "zip_id": "gameboy_palettes"}, "|games/GAMEBOY/Palettes/SGB/2-H.gbp": {"hash": "0ab1a9ddcc6fced1bb2d642e024376d4", "size": 16, "tags": [22, 23, 24], "zip_id": "gameboy_palettes"}, "|games/GAMEBOY/Palettes/SGB/3-A.gbp": {"hash": "e25c7bdb73fcfa2fc18f7e950a500bdb", "size": 16, "tags": [22, 23, 24], "zip_id": "gameboy_palettes"}, "|games/GAMEBOY/Palettes/SGB/3-B.gbp": {"hash": "33665ebaf05f2d1beb51cffd70dbb500", "size": 16, "tags": [22, 23, 24], "zip_id": "gameboy_palettes"}, "|games/GAMEBOY/Palettes/SGB/3-C.gbp": {"hash": "cab8ab2c6591f8b3f9561ce424d07f52", "size": 16, "tags": [22, 23, 24], "zip_id": "gameboy_palettes"}, "|games/GAMEBOY/Palettes/SGB/3-D.gbp": {"hash": "bbcc642eb2324233b816aa7ce99584fb", "size": 16, "tags": [22, 23, 24], "zip_id": "gameboy_palettes"}, "|games/GAMEBOY/Palettes/SGB/3-E.gbp": {"hash": "4d19276366ceaa965761a11eda4a320d", "size": 16, "tags": [22, 23, 24], "zip_id": "gameboy_palettes"}, "|games/GAMEBOY/Palettes/SGB/3-F.gbp": {"hash": "fc5dda9b5919d63ba85c52111f57036b", "size": 16, "tags": [22, 23, 24], "zip_id": "gameboy_palettes"}, "|games/GAMEBOY/Palettes/SGB/3-G.gbp": {"hash": "3dd9c254a86a5abfdc9d702923abba95", "size": 16, "tags": [22, 23, 24], "zip_id": "gameboy_palettes"}, "|games/GAMEBOY/Palettes/SGB/3-H.gbp": {"hash": "eea182c32c2ac868917113b4833c6450", "size": 16, "tags": [22, 23, 24], "zip_id": "gameboy_palettes"}, "|games/GAMEBOY/Palettes/SGB/4-A.gbp": {"hash": "8723eaa308d8995516313a169f693743", "size": 16, "tags": [22, 23, 24], "zip_id": "gameboy_palettes"}, "|games/GAMEBOY/Palettes/SGB/4-B.gbp": {"hash": "cfa75d630b10363161ab9d76744d6619", "size": 16, "tags": [22, 23, 24], "zip_id": "gameboy_palettes"}, "|games/GAMEBOY/Palettes/SGB/4-C.gbp": {"hash": "d332f744214a9eccd77745474c714039", "size": 16, "tags": [22, 23, 24], "zip_id": "gameboy_palettes"}, "|games/GAMEBOY/Palettes/SGB/4-D.gbp": {"hash": "f518fc45b497b30ff2afb1f658a763ec", "size": 16, "tags": [22, 23, 24], "zip_id": "gameboy_palettes"}, "|games/GAMEBOY/Palettes/SGB/4-E.gbp": {"hash": "1fc003d94b2a49eb4a05dc05026a0a72", "size": 16, "tags": [22, 23, 24], "zip_id": "gameboy_palettes"}, "|games/GAMEBOY/Palettes/SGB/4-F.gbp": {"hash": "05fcff11418e5512c6ab24bf817619cc", "size": 16, "tags": [22, 23, 24], "zip_id": "gameboy_palettes"}, "|games/GAMEBOY/Palettes/SGB/4-G.gbp": {"hash": "5c3748f49c4b9121b22d9c17fb8d43b5", "size": 16, "tags": [22, 23, 24], "zip_id": "gameboy_palettes"}, "|games/GAMEBOY/Palettes/SGB/4-H.gbp": {"hash": "e1fd8951283afeda8e6c6aff3254f0e5", "size": 16, "tags": [22, 23, 24], "zip_id": "gameboy_palettes"}}, "folders": {"|games": {"tags": [23], "zip_id": "gameboy_palettes"}, "|games/GAMEBOY": {"tags": [22, 23], "zip_id": "gameboy_palettes"}, "|games/GAMEBOY/Palettes": {"tags": [22, 23, 24], "zip_id": "gameboy_palettes"}, "|games/GAMEBOY/Palettes/Default": {"tags": [22, 23, 24], "zip_id": "gameboy_palettes"}, "|games/GAMEBOY/Palettes/Extra": {"tags": [22, 23, 24], "zip_id": "gameboy_palettes"}, "|games/GAMEBOY/Palettes/SGB": {"tags": [22, 23, 24], "zip_id": "gameboy_palettes"}}}