{"files": {"Filters/CRT - Simulation/CRT Simulation (Composite)_H.txt": {"hash": "6f07c28e2d8340b1b5dbb15da8430c19", "size": 1409, "tags": [28, 29, 30], "zip_id": "global_filters"}, "Filters/CRT - Simulation/CRT Simulation (Composite)_V.txt": {"hash": "3ca8f146e84c6d16c4215579bcb60ebf", "size": 1409, "tags": [28, 29, 30], "zip_id": "global_filters"}, "Filters/CRT - Simulation/CRT Simulation (S-Video)_H.txt": {"hash": "b65ac9aa03c0b9f5722943d8cbc03066", "size": 1407, "tags": [28, 29, 30], "zip_id": "global_filters"}, "Filters/CRT - Simulation/CRT Simulation (S-Video)_V.txt": {"hash": "eb2d92d5afec9188b6a2d601dbc4d5b5", "size": 1407, "tags": [28, 29, 30], "zip_id": "global_filters"}, "Filters/Interpolation (Medium).txt": {"hash": "6ef0dcc631008f49e2ffd0e391cbd97a", "size": 1470, "tags": [28, 29, 30], "zip_id": "global_filters"}, "Filters/Interpolation (Sharp).txt": {"hash": "04d42316c67a41861f4a54114e29bb14", "size": 1470, "tags": [28, 29, 30], "zip_id": "global_filters"}, "Filters/Interpolation (Soft).txt": {"hash": "a4beb399e128422b3f72f3866f65c95f", "size": 1470, "tags": [28, 29, 30], "zip_id": "global_filters"}, "Filters/LCD - General/LCD_Effect_01_H.txt": {"hash": "99e2b02111d70648fcc98078ea445d9f", "size": 1396, "tags": [28, 29, 30], "zip_id": "global_filters"}, "Filters/LCD - General/LCD_Effect_01_V.txt": {"hash": "5bfa8a9b299ece3ce0c846bc349a507a", "size": 1396, "tags": [28, 29, 30], "zip_id": "global_filters"}, "Filters/LCD - General/LCD_Effect_02_H.txt": {"hash": "0f6b0c8dd35d2a3c1a799ab1a1b2bcbc", "size": 1396, "tags": [28, 29, 30], "zip_id": "global_filters"}, "Filters/LCD - General/LCD_Effect_02_V.txt": {"hash": "8659d4ebbf549a4b31fae7c1be936bb2", "size": 1396, "tags": [28, 29, 30], "zip_id": "global_filters"}, "Filters/LCD - General/LCD_Effect_03_H.txt": {"hash": "6d1f4c94805c223f2d6b228ad2eaefe7", "size": 1396, "tags": [28, 29, 30], "zip_id": "global_filters"}, "Filters/LCD - General/LCD_Effect_03_V.txt": {"hash": "e96d6141c1cb3b6a6918f21db40e472b", "size": 1396, "tags": [28, 29, 30], "zip_id": "global_filters"}, "Filters/LCD - General/LCD_Effect_04_H.txt": {"hash": "10e6108d4bed0ac04705a8dbef99ee74", "size": 1396, "tags": [28, 29, 30], "zip_id": "global_filters"}, "Filters/LCD - General/LCD_Effect_04_V.txt": {"hash": "d5a04efe66b20c9aa57153ed9f804ff3", "size": 1396, "tags": [28, 29, 30], "zip_id": "global_filters"}, "Filters/LCD - General/LCD_Effect_05_HV.txt": {"hash": "c15eeae91be01d1ec7f692f0273f14f7", "size": 1397, "tags": [28, 29, 30], "zip_id": "global_filters"}, "Filters/LCD - General/LCD_Effect_06_HV.txt": {"hash": "48141637ba9da1cdcbc0548e18143a77", "size": 1397, "tags": [28, 29, 30], "zip_id": "global_filters"}, "Filters/LCD - General/LCD_Effect_07_HV.txt": {"hash": "ea794e9649aaef420c1e0c861546bab0", "size": 1397, "tags": [28, 29, 30], "zip_id": "global_filters"}, "Filters/LCD - General/LCD_Effect_08_H.txt": {"hash": "3548f67cc7ce2b7c91253386a15b3d9b", "size": 1396, "tags": [28, 29, 30], "zip_id": "global_filters"}, "Filters/LCD - General/LCD_Effect_08_V.txt": {"hash": "61db5e8768b4ec4b3c7ef194a3ec69ac", "size": 1396, "tags": [28, 29, 30], "zip_id": "global_filters"}, "Filters/LCD - General/LCD_Effect_09_H.txt": {"hash": "6d67a12d6e49ff36b4bd9aa0b37693db", "size": 1396, "tags": [28, 29, 30], "zip_id": "global_filters"}, "Filters/LCD - General/LCD_Effect_09_V.txt": {"hash": "3800f3da5bb1cc11c28b0a341480c9c1", "size": 1396, "tags": [28, 29, 30], "zip_id": "global_filters"}, "Filters/LCD - General/LCD_Effect_Blur_00_HV.txt": {"hash": "ecf72910a43b0d817d66e13fc97fceae", "size": 1402, "tags": [28, 29, 30], "zip_id": "global_filters"}, "Filters/LCD - General/LCD_Effect_Blur_01_HV.txt": {"hash": "682199b0b916cb84a00956318b4ade55", "size": 1402, "tags": [28, 29, 30], "zip_id": "global_filters"}, "Filters/LCD - General/LCD_Effect_Blur_02_HV.txt": {"hash": "05f25f07c4a66edfc693c7ef0a272a3d", "size": 1402, "tags": [28, 29, 30], "zip_id": "global_filters"}, "Filters/LCD - General/LCD_Effect_Blur_03_HV.txt": {"hash": "548212581cdc552b938a16002da87eeb", "size": 1402, "tags": [28, 29, 30], "zip_id": "global_filters"}, "Filters/LCD - General/LCD_Effect_Blur_04_HV.txt": {"hash": "a352ef1e73bf193900675576018a9b34", "size": 1402, "tags": [28, 29, 30], "zip_id": "global_filters"}, "Filters/LCD - General/LCD_Effect_Br_01_HV.txt": {"hash": "72ac740800828dd4adc867debef9bf5a", "size": 1400, "tags": [28, 29, 30], "zip_id": "global_filters"}, "Filters/LCD - General/LCD_Effect_Br_02_HV.txt": {"hash": "8befc2b940d6ee1954b02402b6d2b66f", "size": 1400, "tags": [28, 29, 30], "zip_id": "global_filters"}, "Filters/LCD - Integer Only/LCD_NN_Type0_020_HV.txt": {"hash": "65cfd69880f6637e31470871fbdbe971", "size": 1400, "tags": [28, 29, 30], "zip_id": "global_filters"}, "Filters/LCD - Integer Only/LCD_NN_Type0_040_HV.txt": {"hash": "79488c0f60dc55ea8bda1c221cb7e5a4", "size": 1400, "tags": [28, 29, 30], "zip_id": "global_filters"}, "Filters/LCD - Integer Only/LCD_NN_Type0_060_HV.txt": {"hash": "ec391e62c4b533dc7ffa121902ef11de", "size": 1400, "tags": [28, 29, 30], "zip_id": "global_filters"}, "Filters/LCD - Integer Only/LCD_NN_Type0_080_HV.txt": {"hash": "8f6afdecb3118548b5f0b35034f76e30", "size": 1400, "tags": [28, 29, 30], "zip_id": "global_filters"}, "Filters/LCD - Integer Only/LCD_NN_Type0_100_HV.txt": {"hash": "234c9acf3c577ed791c443b85dd10905", "size": 1400, "tags": [28, 29, 30], "zip_id": "global_filters"}, "Filters/LCD - Integer Only/LCD_NN_Type0_110_HV.txt": {"hash": "2130a03ce2e98fbfee3c3b07fde96f22", "size": 1400, "tags": [28, 29, 30], "zip_id": "global_filters"}, "Filters/LCD - Integer Only/LCD_NN_Type1_020_HV.txt": {"hash": "80ef7d8170e790dc856744eebd435a26", "size": 1400, "tags": [28, 29, 30], "zip_id": "global_filters"}, "Filters/LCD - Integer Only/LCD_NN_Type1_040_HV.txt": {"hash": "a6d9e20155a44a18af516d4c944ad596", "size": 1400, "tags": [28, 29, 30], "zip_id": "global_filters"}, "Filters/LCD - Integer Only/LCD_NN_Type1_060_HV.txt": {"hash": "1b0761fe4365c91fbe87642f61115e32", "size": 1400, "tags": [28, 29, 30], "zip_id": "global_filters"}, "Filters/LCD - Integer Only/LCD_NN_Type1_080_HV.txt": {"hash": "c7ac6dbb1b19ab2c6e77b60924c7f0de", "size": 1400, "tags": [28, 29, 30], "zip_id": "global_filters"}, "Filters/LCD - Integer Only/LCD_NN_Type1_100_HV.txt": {"hash": "889bc61a48be87d31ea29a5b3caa46c8", "size": 1400, "tags": [28, 29, 30], "zip_id": "global_filters"}, "Filters/LCD - Integer Only/LCD_NN_Type1_110_HV.txt": {"hash": "def581533c9d0c7bec15ec970b24943e", "size": 1400, "tags": [28, 29, 30], "zip_id": "global_filters"}, "Filters/LCD - Integer Only/LCD_NN_Type2_020_H.txt": {"hash": "fb0f3d38aad21dfa5a720ff34b18461d", "size": 1399, "tags": [28, 29, 30], "zip_id": "global_filters"}, "Filters/LCD - Integer Only/LCD_NN_Type2_020_V.txt": {"hash": "6942d9c1fecc52015b3b45a3c774d45e", "size": 1399, "tags": [28, 29, 30], "zip_id": "global_filters"}, "Filters/LCD - Integer Only/LCD_NN_Type2_040_H.txt": {"hash": "40154ad74f35e33e989f1e3bd56838c4", "size": 1399, "tags": [28, 29, 30], "zip_id": "global_filters"}, "Filters/LCD - Integer Only/LCD_NN_Type2_040_V.txt": {"hash": "576fd98505f6b4449f8593e1cf46a445", "size": 1399, "tags": [28, 29, 30], "zip_id": "global_filters"}, "Filters/LCD - Integer Only/LCD_NN_Type2_060_H.txt": {"hash": "bc527c2adc12a7f9ed0fa8a4f4cc2206", "size": 1399, "tags": [28, 29, 30], "zip_id": "global_filters"}, "Filters/LCD - Integer Only/LCD_NN_Type2_060_V.txt": {"hash": "85515cf06fe34bc39cd803560057e40d", "size": 1399, "tags": [28, 29, 30], "zip_id": "global_filters"}, "Filters/LCD - Integer Only/LCD_NN_Type2_080_H.txt": {"hash": "1abb7de11b2d13181d99de02fe8aad02", "size": 1399, "tags": [28, 29, 30], "zip_id": "global_filters"}, "Filters/LCD - Integer Only/LCD_NN_Type2_080_V.txt": {"hash": "d67b68ef16804f0144cd7290e714da52", "size": 1399, "tags": [28, 29, 30], "zip_id": "global_filters"}, "Filters/LCD - Integer Only/LCD_NN_Type2_100_H.txt": {"hash": "087681c7ed386b90344efb696e382253", "size": 1399, "tags": [28, 29, 30], "zip_id": "global_filters"}, "Filters/LCD - Integer Only/LCD_NN_Type2_100_V.txt": {"hash": "368c30f9de3ed3bd9b7bb3458b9ad5a7", "size": 1399, "tags": [28, 29, 30], "zip_id": "global_filters"}, "Filters/LCD - Integer Only/LCD_NN_Type3_020_H.txt": {"hash": "74fc3a600f60c5567621c0656ba5929d", "size": 1399, "tags": [28, 29, 30], "zip_id": "global_filters"}, "Filters/LCD - Integer Only/LCD_NN_Type3_020_V.txt": {"hash": "f3ddcbc7c6a75de8aeb7f7166381b5c5", "size": 1399, "tags": [28, 29, 30], "zip_id": "global_filters"}, "Filters/LCD - Integer Only/LCD_NN_Type3_040_H.txt": {"hash": "7e074e5ab949c5abcf842ccd15335cda", "size": 1399, "tags": [28, 29, 30], "zip_id": "global_filters"}, "Filters/LCD - Integer Only/LCD_NN_Type3_040_V.txt": {"hash": "f418bded12a4a8fd53c05a4402b6e389", "size": 1399, "tags": [28, 29, 30], "zip_id": "global_filters"}, "Filters/LCD - Integer Only/LCD_NN_Type3_060_H.txt": {"hash": "0148eb66aeb0bbddbb6eeb995f6a8f72", "size": 1399, "tags": [28, 29, 30], "zip_id": "global_filters"}, "Filters/LCD - Integer Only/LCD_NN_Type3_060_V.txt": {"hash": "fd1068857662e7e9212296850c907b1d", "size": 1399, "tags": [28, 29, 30], "zip_id": "global_filters"}, "Filters/LCD - Integer Only/LCD_NN_Type3_080_H.txt": {"hash": "0ab30a0da221710b307c5d42e969fd70", "size": 1399, "tags": [28, 29, 30], "zip_id": "global_filters"}, "Filters/LCD - Integer Only/LCD_NN_Type3_080_V.txt": {"hash": "9a1701c82f7a7c960368ad87a7b286ff", "size": 1399, "tags": [28, 29, 30], "zip_id": "global_filters"}, "Filters/LCD - Integer Only/LCD_NN_Type3_100_H.txt": {"hash": "fb3c699808cf5d9e02020f6edf8d2774", "size": 1399, "tags": [28, 29, 30], "zip_id": "global_filters"}, "Filters/LCD - Integer Only/LCD_NN_Type3_100_V.txt": {"hash": "ae8331c8150987ba55f2daf18aab08e1", "size": 1399, "tags": [28, 29, 30], "zip_id": "global_filters"}, "Filters/LCD - Integer Only/LCD_NN_Type4_020_HV.txt": {"hash": "1ce0cc8b18f63c8bb6b9191774e7a31d", "size": 1400, "tags": [28, 29, 30], "zip_id": "global_filters"}, "Filters/LCD - Integer Only/LCD_NN_Type4_040_HV.txt": {"hash": "7b2b234792b16d63c4ae2b5fda37e6fa", "size": 1400, "tags": [28, 29, 30], "zip_id": "global_filters"}, "Filters/LCD - Integer Only/LCD_NN_Type4_060_HV.txt": {"hash": "5cb3463c59ab011c7ab336644c282cd3", "size": 1400, "tags": [28, 29, 30], "zip_id": "global_filters"}, "Filters/LCD - Integer Only/LCD_NN_Type4_080_HV.txt": {"hash": "a1f0aaf9583d87ab3ed2fd1640c2428a", "size": 1400, "tags": [28, 29, 30], "zip_id": "global_filters"}, "Filters/LCD - Integer Only/LCD_NN_Type4_100_HV.txt": {"hash": "4b8bbfc574b85079252c5cbff362a582", "size": 1400, "tags": [28, 29, 30], "zip_id": "global_filters"}, "Filters/LCD Color (Gameboy Color)_H.txt": {"hash": "b652d996546d1d445d2cad574fa0cc33", "size": 1408, "tags": [28, 29, 30], "zip_id": "global_filters"}, "Filters/LCD Color (Gameboy Color)_V.txt": {"hash": "b8cd230c0fd1c1c4322aadefef194fa1", "size": 1408, "tags": [28, 29, 30], "zip_id": "global_filters"}, "Filters/LCD Monochrome (Gameboy)_HV.txt": {"hash": "fcc72d440d5d0701be137576c029f3e5", "size": 1408, "tags": [28, 29, 30], "zip_id": "global_filters"}, "Filters/No Interpolation.txt": {"hash": "4d091fbfde884dc4dd0d99098712fa11", "size": 1437, "tags": [28, 29, 30], "zip_id": "global_filters"}, "Filters/SNES Interpolation (Medium).txt": {"hash": "3c98df52bf72234c082392ee96723203", "size": 1469, "tags": [28, 29, 30], "zip_id": "global_filters"}, "Filters/SNES Interpolation (Sharp).txt": {"hash": "6ef0dcc631008f49e2ffd0e391cbd97a", "size": 1470, "tags": [28, 29, 30], "zip_id": "global_filters"}, "Filters/SNES Interpolation (Soft).txt": {"hash": "8ed644473db77710c09fd9feba5540e2", "size": 1470, "tags": [28, 29, 30], "zip_id": "global_filters"}, "Filters/Scanlines - Adaptive/SLA_Dk_000_Br_000.txt": {"hash": "88a1e0660b484e9e1e18d124924b85f2", "size": 10473, "tags": [28, 29, 30], "zip_id": "global_filters"}, "Filters/Scanlines - Adaptive/SLA_Dk_000_Br_010.txt": {"hash": "3dc8535d711990fe45c7d53dd71f237f", "size": 10473, "tags": [28, 29, 30], "zip_id": "global_filters"}, "Filters/Scanlines - Adaptive/SLA_Dk_000_Br_020.txt": {"hash": "ff4a93e3fd7309ba50b04d582081069f", "size": 10473, "tags": [28, 29, 30], "zip_id": "global_filters"}, "Filters/Scanlines - Adaptive/SLA_Dk_000_Br_030.txt": {"hash": "261dd01836baa32cc4692a7877c548dd", "size": 10473, "tags": [28, 29, 30], "zip_id": "global_filters"}, "Filters/Scanlines - Adaptive/SLA_Dk_000_Br_040.txt": {"hash": "7659d67dfa94dbdbf33016d6081bff9a", "size": 10473, "tags": [28, 29, 30], "zip_id": "global_filters"}, "Filters/Scanlines - Adaptive/SLA_Dk_000_Br_050.txt": {"hash": "46c7188b3e1a909ceb216fdb50680d8b", "size": 10473, "tags": [28, 29, 30], "zip_id": "global_filters"}, "Filters/Scanlines - Adaptive/SLA_Dk_000_Br_060.txt": {"hash": "f8ca4b26c9345780712a39525c7defc7", "size": 10473, "tags": [28, 29, 30], "zip_id": "global_filters"}, "Filters/Scanlines - Adaptive/SLA_Dk_000_Br_070.txt": {"hash": "0e74b04322965060280b40eadcc0df2e", "size": 10473, "tags": [28, 29, 30], "zip_id": "global_filters"}, "Filters/Scanlines - Adaptive/SLA_Dk_000_Br_080.txt": {"hash": "fca40dc5c217cdcee2b89b3e889b374b", "size": 10473, "tags": [28, 29, 30], "zip_id": "global_filters"}, "Filters/Scanlines - Adaptive/SLA_Dk_000_Br_090.txt": {"hash": "c1c0e8eaf88d9f6fd8c507ce491a7b8e", "size": 10473, "tags": [28, 29, 30], "zip_id": "global_filters"}, "Filters/Scanlines - Adaptive/SLA_Dk_000_Br_100.txt": {"hash": "c51a2b03fd527ac1b45fba05564d236d", "size": 10473, "tags": [28, 29, 30], "zip_id": "global_filters"}, "Filters/Scanlines - Adaptive/SLA_Dk_010_Br_010.txt": {"hash": "1534cfa54fe7b28f1fc17e9cbbaccd1f", "size": 10473, "tags": [28, 29, 30], "zip_id": "global_filters"}, "Filters/Scanlines - Adaptive/SLA_Dk_010_Br_020.txt": {"hash": "063f96bd5735f4449464ecd9f084ce75", "size": 10473, "tags": [28, 29, 30], "zip_id": "global_filters"}, "Filters/Scanlines - Adaptive/SLA_Dk_010_Br_030.txt": {"hash": "fc6e21ce4d02441ae3bcc4d4cf4c375f", "size": 10473, "tags": [28, 29, 30], "zip_id": "global_filters"}, "Filters/Scanlines - Adaptive/SLA_Dk_010_Br_040.txt": {"hash": "bf5f06861e2d721b85a1ef8e0578eadb", "size": 10473, "tags": [28, 29, 30], "zip_id": "global_filters"}, "Filters/Scanlines - Adaptive/SLA_Dk_010_Br_050.txt": {"hash": "791c2d590d8aa7dd812d63512cbc760b", "size": 10473, "tags": [28, 29, 30], "zip_id": "global_filters"}, "Filters/Scanlines - Adaptive/SLA_Dk_010_Br_060.txt": {"hash": "16d8f1bc426bfa0423d798ce3038a422", "size": 10473, "tags": [28, 29, 30], "zip_id": "global_filters"}, "Filters/Scanlines - Adaptive/SLA_Dk_010_Br_070.txt": {"hash": "c34ab057a9429ee83f7c665653b21d8a", "size": 10473, "tags": [28, 29, 30], "zip_id": "global_filters"}, "Filters/Scanlines - Adaptive/SLA_Dk_010_Br_080.txt": {"hash": "c7fbf37101102ce87e0f6050e6535507", "size": 10473, "tags": [28, 29, 30], "zip_id": "global_filters"}, "Filters/Scanlines - Adaptive/SLA_Dk_010_Br_090.txt": {"hash": "29d3ca2b8aa8da6a37c766cf4baaeafe", "size": 10473, "tags": [28, 29, 30], "zip_id": "global_filters"}, "Filters/Scanlines - Adaptive/SLA_Dk_010_Br_100.txt": {"hash": "30bbd0d1414de92b74699b504f2bb8c0", "size": 10473, "tags": [28, 29, 30], "zip_id": "global_filters"}, "Filters/Scanlines - Adaptive/SLA_Dk_020_Br_020.txt": {"hash": "ef7d6d20a2289471b7b98737f12f3d68", "size": 10473, "tags": [28, 29, 30], "zip_id": "global_filters"}, "Filters/Scanlines - Adaptive/SLA_Dk_020_Br_030.txt": {"hash": "c3e4e9b622d3204736c2d73f26347d47", "size": 10473, "tags": [28, 29, 30], "zip_id": "global_filters"}, "Filters/Scanlines - Adaptive/SLA_Dk_020_Br_040.txt": {"hash": "42eeb1cb82e5783f920031cad24dc241", "size": 10473, "tags": [28, 29, 30], "zip_id": "global_filters"}, "Filters/Scanlines - Adaptive/SLA_Dk_020_Br_050.txt": {"hash": "c9ab9054e3797e1e7b4ac3f3daae4cbb", "size": 10473, "tags": [28, 29, 30], "zip_id": "global_filters"}, "Filters/Scanlines - Adaptive/SLA_Dk_020_Br_060.txt": {"hash": "1005c58f21ec71b66bc45cccb581c0cc", "size": 10473, "tags": [28, 29, 30], "zip_id": "global_filters"}, "Filters/Scanlines - Adaptive/SLA_Dk_020_Br_070.txt": {"hash": "8047ae6fc3b917a271254fd5fa8a98b7", "size": 10473, "tags": [28, 29, 30], "zip_id": "global_filters"}, "Filters/Scanlines - Adaptive/SLA_Dk_020_Br_080.txt": {"hash": "8c7e1b757a2388921c559ee67bb1a799", "size": 10473, "tags": [28, 29, 30], "zip_id": "global_filters"}, "Filters/Scanlines - Adaptive/SLA_Dk_020_Br_090.txt": {"hash": "572f08ad9da8fd6655fc3dc55328a977", "size": 10473, "tags": [28, 29, 30], "zip_id": "global_filters"}, "Filters/Scanlines - Adaptive/SLA_Dk_020_Br_100.txt": {"hash": "73c91db5e73da36d186edabe983d2ae6", "size": 10473, "tags": [28, 29, 30], "zip_id": "global_filters"}, "Filters/Scanlines - Adaptive/SLA_Dk_030_Br_030.txt": {"hash": "6e03ad5ebe31c7a56e5552cd37f208cf", "size": 10473, "tags": [28, 29, 30], "zip_id": "global_filters"}, "Filters/Scanlines - Adaptive/SLA_Dk_030_Br_040.txt": {"hash": "243e0d0abe5c2cee1f79a6694061a85d", "size": 10473, "tags": [28, 29, 30], "zip_id": "global_filters"}, "Filters/Scanlines - Adaptive/SLA_Dk_030_Br_050.txt": {"hash": "86dd6cca937b78ef28012394b142f1d7", "size": 10473, "tags": [28, 29, 30], "zip_id": "global_filters"}, "Filters/Scanlines - Adaptive/SLA_Dk_030_Br_060.txt": {"hash": "91e6af57e24e900dd5cb9e2af1b97fc4", "size": 10473, "tags": [28, 29, 30], "zip_id": "global_filters"}, "Filters/Scanlines - Adaptive/SLA_Dk_030_Br_070.txt": {"hash": "2550d70de6dbc57734fb2300ccc25e69", "size": 10473, "tags": [28, 29, 30], "zip_id": "global_filters"}, "Filters/Scanlines - Adaptive/SLA_Dk_030_Br_080.txt": {"hash": "c245e5848af13f676983db5b1dd8d923", "size": 10473, "tags": [28, 29, 30], "zip_id": "global_filters"}, "Filters/Scanlines - Adaptive/SLA_Dk_030_Br_090.txt": {"hash": "90b8c2cd4a66be3cacc20f59e54087f0", "size": 10473, "tags": [28, 29, 30], "zip_id": "global_filters"}, "Filters/Scanlines - Adaptive/SLA_Dk_030_Br_100.txt": {"hash": "dcbc358816d148ac4a7ddb8430e10e63", "size": 10473, "tags": [28, 29, 30], "zip_id": "global_filters"}, "Filters/Scanlines - Adaptive/SLA_Dk_040_Br_040.txt": {"hash": "4e43bd15d70a0ad9589e1651783e12a3", "size": 10473, "tags": [28, 29, 30], "zip_id": "global_filters"}, "Filters/Scanlines - Adaptive/SLA_Dk_040_Br_050.txt": {"hash": "0641a1f881ecf14a3a46be718854d0a0", "size": 10473, "tags": [28, 29, 30], "zip_id": "global_filters"}, "Filters/Scanlines - Adaptive/SLA_Dk_040_Br_060.txt": {"hash": "9e2822ddde3a8ada5919fe3e754d1118", "size": 10473, "tags": [28, 29, 30], "zip_id": "global_filters"}, "Filters/Scanlines - Adaptive/SLA_Dk_040_Br_070.txt": {"hash": "6ee759d47c2c5d9e7bd65e06217541ec", "size": 10473, "tags": [28, 29, 30], "zip_id": "global_filters"}, "Filters/Scanlines - Adaptive/SLA_Dk_040_Br_080.txt": {"hash": "d62f0f0d374936765b3182ed3b5273f5", "size": 10473, "tags": [28, 29, 30], "zip_id": "global_filters"}, "Filters/Scanlines - Adaptive/SLA_Dk_040_Br_090.txt": {"hash": "64ee0cba8116c8b720dca3a8c495cd10", "size": 10473, "tags": [28, 29, 30], "zip_id": "global_filters"}, "Filters/Scanlines - Adaptive/SLA_Dk_040_Br_100.txt": {"hash": "3eb35598f7c29fb4fd18c6faf2dc1b30", "size": 10473, "tags": [28, 29, 30], "zip_id": "global_filters"}, "Filters/Scanlines - Adaptive/SLA_Dk_050_Br_050.txt": {"hash": "d17cab8b8ead8d598ddb9ea9e3d8f3b5", "size": 10473, "tags": [28, 29, 30], "zip_id": "global_filters"}, "Filters/Scanlines - Adaptive/SLA_Dk_050_Br_060.txt": {"hash": "129b917d28a77758800d088b2a37a5dc", "size": 10473, "tags": [28, 29, 30], "zip_id": "global_filters"}, "Filters/Scanlines - Adaptive/SLA_Dk_050_Br_070.txt": {"hash": "dbbd12f22f30754045195d440cfdbb4c", "size": 10473, "tags": [28, 29, 30], "zip_id": "global_filters"}, "Filters/Scanlines - Adaptive/SLA_Dk_050_Br_080.txt": {"hash": "0f50bb6cdcbe8b423734107d1b99fe03", "size": 10473, "tags": [28, 29, 30], "zip_id": "global_filters"}, "Filters/Scanlines - Adaptive/SLA_Dk_050_Br_090.txt": {"hash": "29e6736e6ec5811ef0b9777f69dfed01", "size": 10473, "tags": [28, 29, 30], "zip_id": "global_filters"}, "Filters/Scanlines - Adaptive/SLA_Dk_050_Br_100.txt": {"hash": "b35460afe99f09ceba13b790e53e8cd2", "size": 10473, "tags": [28, 29, 30], "zip_id": "global_filters"}, "Filters/Scanlines - Adaptive/SLA_Dk_060_Br_060.txt": {"hash": "33078261500c1564c461e22cfb2228dd", "size": 10473, "tags": [28, 29, 30], "zip_id": "global_filters"}, "Filters/Scanlines - Adaptive/SLA_Dk_060_Br_070.txt": {"hash": "f9305bc2ea2ad1d038f1bce40582715f", "size": 10473, "tags": [28, 29, 30], "zip_id": "global_filters"}, "Filters/Scanlines - Adaptive/SLA_Dk_060_Br_080.txt": {"hash": "73a97f73ffc78aace4a0007e729c541f", "size": 10473, "tags": [28, 29, 30], "zip_id": "global_filters"}, "Filters/Scanlines - Adaptive/SLA_Dk_060_Br_090.txt": {"hash": "dc564f0e0e1c9e5a3a7b8366d5e3a7fb", "size": 10473, "tags": [28, 29, 30], "zip_id": "global_filters"}, "Filters/Scanlines - Adaptive/SLA_Dk_060_Br_100.txt": {"hash": "df04b1f11d59046946713c2a36b2a5c3", "size": 10473, "tags": [28, 29, 30], "zip_id": "global_filters"}, "Filters/Scanlines - Adaptive/SLA_Dk_070_Br_070.txt": {"hash": "3d077a9f4fbe0d91631ea1d73ace54f2", "size": 10473, "tags": [28, 29, 30], "zip_id": "global_filters"}, "Filters/Scanlines - Adaptive/SLA_Dk_070_Br_080.txt": {"hash": "64b657e1686174b686b6dff4131c86b6", "size": 10473, "tags": [28, 29, 30], "zip_id": "global_filters"}, "Filters/Scanlines - Adaptive/SLA_Dk_070_Br_090.txt": {"hash": "bcc0f99abd77f1b554edec474408229f", "size": 10473, "tags": [28, 29, 30], "zip_id": "global_filters"}, "Filters/Scanlines - Adaptive/SLA_Dk_070_Br_100.txt": {"hash": "5c420feb7dd5890138642f07f0c1fe67", "size": 10473, "tags": [28, 29, 30], "zip_id": "global_filters"}, "Filters/Scanlines - Adaptive/SLA_Dk_080_Br_080.txt": {"hash": "dae77d02b4db9ea732769cb26234b69c", "size": 10473, "tags": [28, 29, 30], "zip_id": "global_filters"}, "Filters/Scanlines - Adaptive/SLA_Dk_080_Br_090.txt": {"hash": "ae7647ec2e1bdd869609b15035894d27", "size": 10473, "tags": [28, 29, 30], "zip_id": "global_filters"}, "Filters/Scanlines - Adaptive/SLA_Dk_080_Br_100.txt": {"hash": "5df64d218843327cece171a053fcd990", "size": 10473, "tags": [28, 29, 30], "zip_id": "global_filters"}, "Filters/Scanlines - Adaptive/SLA_Dk_090_Br_090.txt": {"hash": "b087e340e2701d861677cfeef5ba7550", "size": 10473, "tags": [28, 29, 30], "zip_id": "global_filters"}, "Filters/Scanlines - Adaptive/SLA_Dk_090_Br_100.txt": {"hash": "aef029c00322218a8194c296c55438ec", "size": 10473, "tags": [28, 29, 30], "zip_id": "global_filters"}, "Filters/Scanlines - Adaptive/SLA_Dk_100_Br_100.txt": {"hash": "10b07b99264f6f7bd0ce67ef16f36465", "size": 10473, "tags": [28, 29, 30], "zip_id": "global_filters"}, "Filters/Scanlines - Brighter.txt": {"hash": "1dd59a451e63738b5af60a4e5011cb16", "size": 1395, "tags": [28, 29, 30], "zip_id": "global_filters"}, "Filters/Scanlines - Brighter/105pct Brightness/Scan_Br_105_00.txt": {"hash": "01e6db4d533406e4dd69e4f62ab6903d", "size": 1395, "tags": [28, 29, 30], "zip_id": "global_filters"}, "Filters/Scanlines - Brighter/105pct Brightness/Scan_Br_105_05.txt": {"hash": "2c8a1eaa94ed9bd0e0868550896856dc", "size": 1395, "tags": [28, 29, 30], "zip_id": "global_filters"}, "Filters/Scanlines - Brighter/105pct Brightness/Scan_Br_105_10.txt": {"hash": "e6c23116cb55a32960f0c4af5b3a4352", "size": 1395, "tags": [28, 29, 30], "zip_id": "global_filters"}, "Filters/Scanlines - Brighter/105pct Brightness/Scan_Br_105_15.txt": {"hash": "68406954868f432810ac5fa4456e510a", "size": 1395, "tags": [28, 29, 30], "zip_id": "global_filters"}, "Filters/Scanlines - Brighter/105pct Brightness/Scan_Br_105_20.txt": {"hash": "3c9e556e6e47773259ff4844801ce626", "size": 1395, "tags": [28, 29, 30], "zip_id": "global_filters"}, "Filters/Scanlines - Brighter/105pct Brightness/Scan_Br_105_25.txt": {"hash": "1e106dee0e46c1f18ce816d129093407", "size": 1395, "tags": [28, 29, 30], "zip_id": "global_filters"}, "Filters/Scanlines - Brighter/105pct Brightness/Scan_Br_105_30.txt": {"hash": "76c0fde53f09ceb5cd87088953927e4e", "size": 1395, "tags": [28, 29, 30], "zip_id": "global_filters"}, "Filters/Scanlines - Brighter/105pct Brightness/Scan_Br_105_35.txt": {"hash": "6919a0e1512cf6d6cbdece46a257af96", "size": 1395, "tags": [28, 29, 30], "zip_id": "global_filters"}, "Filters/Scanlines - Brighter/105pct Brightness/Scan_Br_105_40.txt": {"hash": "8ea43d0cc7d8449b13e71d905a575117", "size": 1395, "tags": [28, 29, 30], "zip_id": "global_filters"}, "Filters/Scanlines - Brighter/105pct Brightness/Scan_Br_105_45.txt": {"hash": "adfb920078504a5a1a8edaa923c91af5", "size": 1395, "tags": [28, 29, 30], "zip_id": "global_filters"}, "Filters/Scanlines - Brighter/105pct Brightness/Scan_Br_105_50.txt": {"hash": "ed52d3d51aa657a6f212cf3e3f063e68", "size": 1395, "tags": [28, 29, 30], "zip_id": "global_filters"}, "Filters/Scanlines - Brighter/105pct Brightness/Scan_Br_105_55.txt": {"hash": "4dd40247fbf7541ffe85ac17a2d95025", "size": 1395, "tags": [28, 29, 30], "zip_id": "global_filters"}, "Filters/Scanlines - Brighter/105pct Brightness/Scan_Br_105_60.txt": {"hash": "eadce6691a79214bfd0b482c95b6f575", "size": 1395, "tags": [28, 29, 30], "zip_id": "global_filters"}, "Filters/Scanlines - Brighter/105pct Brightness/Scan_Br_105_65.txt": {"hash": "01b411c9bd606138a64f0395b1f50598", "size": 1395, "tags": [28, 29, 30], "zip_id": "global_filters"}, "Filters/Scanlines - Brighter/105pct Brightness/Scan_Br_105_70.txt": {"hash": "9f45f741386e34d2a00208242da5beb2", "size": 1395, "tags": [28, 29, 30], "zip_id": "global_filters"}, "Filters/Scanlines - Brighter/105pct Brightness/Scan_Br_105_75.txt": {"hash": "67b19a28f41491b95f90405ae871d7eb", "size": 1395, "tags": [28, 29, 30], "zip_id": "global_filters"}, "Filters/Scanlines - Brighter/105pct Brightness/Scan_Br_105_80.txt": {"hash": "406785034bdc2259c6886063d8addb07", "size": 1395, "tags": [28, 29, 30], "zip_id": "global_filters"}, "Filters/Scanlines - Brighter/105pct Brightness/Scan_Br_105_85.txt": {"hash": "2d1244ad0a58d8cd2a1db0f8c4e9e500", "size": 1395, "tags": [28, 29, 30], "zip_id": "global_filters"}, "Filters/Scanlines - Brighter/105pct Brightness/Scan_Br_105_90.txt": {"hash": "959334bd39f4faf97dd629600b6165ab", "size": 1395, "tags": [28, 29, 30], "zip_id": "global_filters"}, "Filters/Scanlines - Brighter/105pct Brightness/Scan_Br_105_95.txt": {"hash": "1aa7512af648a8e076c7472b6b220808", "size": 1395, "tags": [28, 29, 30], "zip_id": "global_filters"}, "Filters/Scanlines - Brighter/110pct Brightness/Scan_Br_110_00.txt": {"hash": "b852988d3a0a3bd9b11066753e7e997f", "size": 1395, "tags": [28, 29, 30], "zip_id": "global_filters"}, "Filters/Scanlines - Brighter/110pct Brightness/Scan_Br_110_05.txt": {"hash": "db39adab07a658e3378aa727443d888b", "size": 1395, "tags": [28, 29, 30], "zip_id": "global_filters"}, "Filters/Scanlines - Brighter/110pct Brightness/Scan_Br_110_10.txt": {"hash": "03330ff8ca522e271ace5816a42c646b", "size": 1395, "tags": [28, 29, 30], "zip_id": "global_filters"}, "Filters/Scanlines - Brighter/110pct Brightness/Scan_Br_110_15.txt": {"hash": "5ebefee3ab8b8b3b6c4fecd3947caf7a", "size": 1395, "tags": [28, 29, 30], "zip_id": "global_filters"}, "Filters/Scanlines - Brighter/110pct Brightness/Scan_Br_110_20.txt": {"hash": "19b9f2483aa6c6c2eb8bc712625a1e51", "size": 1395, "tags": [28, 29, 30], "zip_id": "global_filters"}, "Filters/Scanlines - Brighter/110pct Brightness/Scan_Br_110_25.txt": {"hash": "ff8aecb986951a067fcaa78232f2a272", "size": 1395, "tags": [28, 29, 30], "zip_id": "global_filters"}, "Filters/Scanlines - Brighter/110pct Brightness/Scan_Br_110_30.txt": {"hash": "d0a5d3e6fdce20103e1c155bf882705a", "size": 1395, "tags": [28, 29, 30], "zip_id": "global_filters"}, "Filters/Scanlines - Brighter/110pct Brightness/Scan_Br_110_35.txt": {"hash": "a07ab043ce88ca37461e35858d47904b", "size": 1395, "tags": [28, 29, 30], "zip_id": "global_filters"}, "Filters/Scanlines - Brighter/110pct Brightness/Scan_Br_110_40.txt": {"hash": "b5e661f5954178e519653a90f2b51899", "size": 1395, "tags": [28, 29, 30], "zip_id": "global_filters"}, "Filters/Scanlines - Brighter/110pct Brightness/Scan_Br_110_45.txt": {"hash": "2e5e6b211aadbefed857ab966d81d00b", "size": 1395, "tags": [28, 29, 30], "zip_id": "global_filters"}, "Filters/Scanlines - Brighter/110pct Brightness/Scan_Br_110_50.txt": {"hash": "1df7470b3f5306fe6d28efc71a3e8c72", "size": 1395, "tags": [28, 29, 30], "zip_id": "global_filters"}, "Filters/Scanlines - Brighter/110pct Brightness/Scan_Br_110_55.txt": {"hash": "f3650ee35c56aa7ef3b76942db453089", "size": 1395, "tags": [28, 29, 30], "zip_id": "global_filters"}, "Filters/Scanlines - Brighter/110pct Brightness/Scan_Br_110_60.txt": {"hash": "66ff88a14f18d84fd68542ca0c89c017", "size": 1395, "tags": [28, 29, 30], "zip_id": "global_filters"}, "Filters/Scanlines - Brighter/110pct Brightness/Scan_Br_110_65.txt": {"hash": "17390e8e7dd6a51f72186c73cbde6cf6", "size": 1395, "tags": [28, 29, 30], "zip_id": "global_filters"}, "Filters/Scanlines - Brighter/110pct Brightness/Scan_Br_110_70.txt": {"hash": "d75ff7277a9d2bb4a5ec9f11635a40ae", "size": 1395, "tags": [28, 29, 30], "zip_id": "global_filters"}, "Filters/Scanlines - Brighter/110pct Brightness/Scan_Br_110_75.txt": {"hash": "c8f472f8c7ba359af63e9d9fe644ed2e", "size": 1395, "tags": [28, 29, 30], "zip_id": "global_filters"}, "Filters/Scanlines - Brighter/110pct Brightness/Scan_Br_110_80.txt": {"hash": "e7f09e7ce6785ada6c054c9647e30542", "size": 1395, "tags": [28, 29, 30], "zip_id": "global_filters"}, "Filters/Scanlines - Brighter/110pct Brightness/Scan_Br_110_85.txt": {"hash": "a86dbb4bef90e022e9f09f98dd104be7", "size": 1395, "tags": [28, 29, 30], "zip_id": "global_filters"}, "Filters/Scanlines - Brighter/110pct Brightness/Scan_Br_110_90.txt": {"hash": "e009fc9392082f699615b0bbaf2e74c5", "size": 1395, "tags": [28, 29, 30], "zip_id": "global_filters"}, "Filters/Scanlines - Brighter/110pct Brightness/Scan_Br_110_95.txt": {"hash": "668de4740e018490cc07ac4b44bcd488", "size": 1395, "tags": [28, 29, 30], "zip_id": "global_filters"}, "Filters/Scanlines - Brighter/115pct Brightness/Scan_Br_115_00.txt": {"hash": "426edcaec719e1a70add834aa7205544", "size": 1395, "tags": [28, 29, 30], "zip_id": "global_filters"}, "Filters/Scanlines - Brighter/115pct Brightness/Scan_Br_115_05.txt": {"hash": "63edde82023a6bf657eced08692f7f68", "size": 1395, "tags": [28, 29, 30], "zip_id": "global_filters"}, "Filters/Scanlines - Brighter/115pct Brightness/Scan_Br_115_10.txt": {"hash": "73903db06b4a8f0c8274a4c14438964b", "size": 1395, "tags": [28, 29, 30], "zip_id": "global_filters"}, "Filters/Scanlines - Brighter/115pct Brightness/Scan_Br_115_15.txt": {"hash": "a353130611a4893dc543213d7a230b44", "size": 1395, "tags": [28, 29, 30], "zip_id": "global_filters"}, "Filters/Scanlines - Brighter/115pct Brightness/Scan_Br_115_20.txt": {"hash": "e378469a5bf2fc1053f18990047da4a5", "size": 1395, "tags": [28, 29, 30], "zip_id": "global_filters"}, "Filters/Scanlines - Brighter/115pct Brightness/Scan_Br_115_25.txt": {"hash": "228402d22da86b9434ab48b88bb67cff", "size": 1395, "tags": [28, 29, 30], "zip_id": "global_filters"}, "Filters/Scanlines - Brighter/115pct Brightness/Scan_Br_115_30.txt": {"hash": "c48505443d9b502c340f2764d3705637", "size": 1395, "tags": [28, 29, 30], "zip_id": "global_filters"}, "Filters/Scanlines - Brighter/115pct Brightness/Scan_Br_115_35.txt": {"hash": "17a02652b8fbbc6769374be8a0fb6952", "size": 1395, "tags": [28, 29, 30], "zip_id": "global_filters"}, "Filters/Scanlines - Brighter/115pct Brightness/Scan_Br_115_40.txt": {"hash": "0253591a8393dd79272235c7f2e3e2ed", "size": 1395, "tags": [28, 29, 30], "zip_id": "global_filters"}, "Filters/Scanlines - Brighter/115pct Brightness/Scan_Br_115_45.txt": {"hash": "f2eb704a6e90eaf338fa06e5821e95ef", "size": 1395, "tags": [28, 29, 30], "zip_id": "global_filters"}, "Filters/Scanlines - Brighter/115pct Brightness/Scan_Br_115_50.txt": {"hash": "a6895db2887c58b4fbee2992aaefadd0", "size": 1395, "tags": [28, 29, 30], "zip_id": "global_filters"}, "Filters/Scanlines - Brighter/115pct Brightness/Scan_Br_115_55.txt": {"hash": "26e66906b97dc485125e409cb40fadbe", "size": 1395, "tags": [28, 29, 30], "zip_id": "global_filters"}, "Filters/Scanlines - Brighter/115pct Brightness/Scan_Br_115_60.txt": {"hash": "15eb81b426f89fad0159ee21c2a9a658", "size": 1395, "tags": [28, 29, 30], "zip_id": "global_filters"}, "Filters/Scanlines - Brighter/115pct Brightness/Scan_Br_115_65.txt": {"hash": "70feb3f3698857d702317497ab1a2a71", "size": 1395, "tags": [28, 29, 30], "zip_id": "global_filters"}, "Filters/Scanlines - Brighter/115pct Brightness/Scan_Br_115_70.txt": {"hash": "1dd59a451e63738b5af60a4e5011cb16", "size": 1395, "tags": [28, 29, 30], "zip_id": "global_filters"}, "Filters/Scanlines - Brighter/115pct Brightness/Scan_Br_115_75.txt": {"hash": "a064aadee980a53228e4dd70c3923f19", "size": 1395, "tags": [28, 29, 30], "zip_id": "global_filters"}, "Filters/Scanlines - Brighter/115pct Brightness/Scan_Br_115_80.txt": {"hash": "b9b687eddb5af154549d7771791e468d", "size": 1395, "tags": [28, 29, 30], "zip_id": "global_filters"}, "Filters/Scanlines - Brighter/115pct Brightness/Scan_Br_115_85.txt": {"hash": "8e94c2314a3d6bc9e13862deddd55b02", "size": 1395, "tags": [28, 29, 30], "zip_id": "global_filters"}, "Filters/Scanlines - Brighter/115pct Brightness/Scan_Br_115_90.txt": {"hash": "f2a9e09f6e45ebdce3dde7bf95402306", "size": 1395, "tags": [28, 29, 30], "zip_id": "global_filters"}, "Filters/Scanlines - Brighter/115pct Brightness/Scan_Br_115_95.txt": {"hash": "ca0af4d7de8668ee9a103fd56f023790", "size": 1395, "tags": [28, 29, 30], "zip_id": "global_filters"}, "Filters/Scanlines - Brighter/120pct Brightness/Scan_Br_120_00.txt": {"hash": "c6ce3eb3e3d2fb920898435e98367bc6", "size": 1395, "tags": [28, 29, 30], "zip_id": "global_filters"}, "Filters/Scanlines - Brighter/120pct Brightness/Scan_Br_120_05.txt": {"hash": "8c61a49ead25a5a50ae8fdc9ea82d24e", "size": 1395, "tags": [28, 29, 30], "zip_id": "global_filters"}, "Filters/Scanlines - Brighter/120pct Brightness/Scan_Br_120_10.txt": {"hash": "bc48c774bca41ef438682ad214dfc3e0", "size": 1395, "tags": [28, 29, 30], "zip_id": "global_filters"}, "Filters/Scanlines - Brighter/120pct Brightness/Scan_Br_120_15.txt": {"hash": "613ba4dc78b1fd214e18fd4b2c3925d1", "size": 1395, "tags": [28, 29, 30], "zip_id": "global_filters"}, "Filters/Scanlines - Brighter/120pct Brightness/Scan_Br_120_20.txt": {"hash": "4288f2855c17c0bd81d3cb5cc6e1b2e2", "size": 1395, "tags": [28, 29, 30], "zip_id": "global_filters"}, "Filters/Scanlines - Brighter/120pct Brightness/Scan_Br_120_25.txt": {"hash": "0fe3d5bf2d6d435f68cc9d0cdbe437db", "size": 1395, "tags": [28, 29, 30], "zip_id": "global_filters"}, "Filters/Scanlines - Brighter/120pct Brightness/Scan_Br_120_30.txt": {"hash": "9de8cdf47827c733ab8347898e8da687", "size": 1395, "tags": [28, 29, 30], "zip_id": "global_filters"}, "Filters/Scanlines - Brighter/120pct Brightness/Scan_Br_120_35.txt": {"hash": "3d7a2ae5d0ef478965999410f72c2748", "size": 1395, "tags": [28, 29, 30], "zip_id": "global_filters"}, "Filters/Scanlines - Brighter/120pct Brightness/Scan_Br_120_40.txt": {"hash": "d0394cdc78d1d46a7bfad92e7566f8ca", "size": 1395, "tags": [28, 29, 30], "zip_id": "global_filters"}, "Filters/Scanlines - Brighter/120pct Brightness/Scan_Br_120_45.txt": {"hash": "2115aad399d7b696de20e0e69956dd9b", "size": 1395, "tags": [28, 29, 30], "zip_id": "global_filters"}, "Filters/Scanlines - Brighter/120pct Brightness/Scan_Br_120_50.txt": {"hash": "e879d2dd386178aecc08d10750bf1d21", "size": 1395, "tags": [28, 29, 30], "zip_id": "global_filters"}, "Filters/Scanlines - Brighter/120pct Brightness/Scan_Br_120_55.txt": {"hash": "2022f91d7dd117b7b578b10044db5c14", "size": 1395, "tags": [28, 29, 30], "zip_id": "global_filters"}, "Filters/Scanlines - Brighter/120pct Brightness/Scan_Br_120_60.txt": {"hash": "c4113b9fac47671b6dc9919a9ce5fdd1", "size": 1395, "tags": [28, 29, 30], "zip_id": "global_filters"}, "Filters/Scanlines - Brighter/120pct Brightness/Scan_Br_120_65.txt": {"hash": "83e747ebf834df05502119348736b364", "size": 1395, "tags": [28, 29, 30], "zip_id": "global_filters"}, "Filters/Scanlines - Brighter/120pct Brightness/Scan_Br_120_70.txt": {"hash": "9a6c163b122d858316a199f9ba672efe", "size": 1395, "tags": [28, 29, 30], "zip_id": "global_filters"}, "Filters/Scanlines - Brighter/120pct Brightness/Scan_Br_120_75.txt": {"hash": "d528c611d2ca8f14d9627b7973a7a326", "size": 1395, "tags": [28, 29, 30], "zip_id": "global_filters"}, "Filters/Scanlines - Brighter/120pct Brightness/Scan_Br_120_80.txt": {"hash": "a2f11da07b3570b9a12585d93f4b28fa", "size": 1395, "tags": [28, 29, 30], "zip_id": "global_filters"}, "Filters/Scanlines - Brighter/120pct Brightness/Scan_Br_120_85.txt": {"hash": "80cd3e28e726d23dbf35349f485a5d7f", "size": 1395, "tags": [28, 29, 30], "zip_id": "global_filters"}, "Filters/Scanlines - Brighter/120pct Brightness/Scan_Br_120_90.txt": {"hash": "513868a67e3d97bfb25672e1e40ad349", "size": 1395, "tags": [28, 29, 30], "zip_id": "global_filters"}, "Filters/Scanlines - Brighter/120pct Brightness/Scan_Br_120_95.txt": {"hash": "f6caa7bb37866977e861d3f671339b2c", "size": 1395, "tags": [28, 29, 30], "zip_id": "global_filters"}, "Filters/Scanlines - Brighter/125pct Brightness/Scan_Br_125_00.txt": {"hash": "c879cab3489f4fbd8a0bb93ab7babd1b", "size": 1395, "tags": [28, 29, 30], "zip_id": "global_filters"}, "Filters/Scanlines - Brighter/125pct Brightness/Scan_Br_125_05.txt": {"hash": "0ef7f76f2c3daf4b9fcf37bef886bd71", "size": 1395, "tags": [28, 29, 30], "zip_id": "global_filters"}, "Filters/Scanlines - Brighter/125pct Brightness/Scan_Br_125_10.txt": {"hash": "e86dceb3ce8aa0704523657a473bb42a", "size": 1395, "tags": [28, 29, 30], "zip_id": "global_filters"}, "Filters/Scanlines - Brighter/125pct Brightness/Scan_Br_125_15.txt": {"hash": "cd86fd6bb208778244ae2f7228b332a9", "size": 1395, "tags": [28, 29, 30], "zip_id": "global_filters"}, "Filters/Scanlines - Brighter/125pct Brightness/Scan_Br_125_20.txt": {"hash": "34ffd0e527a529fde7be06bc0f56613e", "size": 1395, "tags": [28, 29, 30], "zip_id": "global_filters"}, "Filters/Scanlines - Brighter/125pct Brightness/Scan_Br_125_25.txt": {"hash": "61c4c000e1ae32ea4ffdff3ed64610db", "size": 1395, "tags": [28, 29, 30], "zip_id": "global_filters"}, "Filters/Scanlines - Brighter/125pct Brightness/Scan_Br_125_30.txt": {"hash": "9221d708bff9948460ed647176dc2211", "size": 1395, "tags": [28, 29, 30], "zip_id": "global_filters"}, "Filters/Scanlines - Brighter/125pct Brightness/Scan_Br_125_35.txt": {"hash": "5e2a00c613a04660ce852f016d5ac256", "size": 1395, "tags": [28, 29, 30], "zip_id": "global_filters"}, "Filters/Scanlines - Brighter/125pct Brightness/Scan_Br_125_40.txt": {"hash": "9baf9e940c0a9d3019735238d472e9a1", "size": 1395, "tags": [28, 29, 30], "zip_id": "global_filters"}, "Filters/Scanlines - Brighter/125pct Brightness/Scan_Br_125_45.txt": {"hash": "17f4505a6eadc8d0089c699763103db0", "size": 1395, "tags": [28, 29, 30], "zip_id": "global_filters"}, "Filters/Scanlines - Brighter/125pct Brightness/Scan_Br_125_50.txt": {"hash": "d85a0df9e53b43900cbba36de61cd0ac", "size": 1395, "tags": [28, 29, 30], "zip_id": "global_filters"}, "Filters/Scanlines - Brighter/125pct Brightness/Scan_Br_125_55.txt": {"hash": "7d2026c2b6f7c7b8bfae7c9c71062ee4", "size": 1395, "tags": [28, 29, 30], "zip_id": "global_filters"}, "Filters/Scanlines - Brighter/125pct Brightness/Scan_Br_125_60.txt": {"hash": "f7c2c04dad79a6e4f0a196217073bd88", "size": 1395, "tags": [28, 29, 30], "zip_id": "global_filters"}, "Filters/Scanlines - Brighter/125pct Brightness/Scan_Br_125_65.txt": {"hash": "ae478a9eff06343396e265f366546260", "size": 1395, "tags": [28, 29, 30], "zip_id": "global_filters"}, "Filters/Scanlines - Brighter/125pct Brightness/Scan_Br_125_70.txt": {"hash": "86f0208cb4fce8d3de43d839ca17ee1d", "size": 1395, "tags": [28, 29, 30], "zip_id": "global_filters"}, "Filters/Scanlines - Brighter/125pct Brightness/Scan_Br_125_75.txt": {"hash": "8f3b35abcdc7c6e85e566ef7b9ab0003", "size": 1395, "tags": [28, 29, 30], "zip_id": "global_filters"}, "Filters/Scanlines - Brighter/125pct Brightness/Scan_Br_125_80.txt": {"hash": "7ae6cd23f3256de50927e10276c2c3e0", "size": 1395, "tags": [28, 29, 30], "zip_id": "global_filters"}, "Filters/Scanlines - Brighter/125pct Brightness/Scan_Br_125_85.txt": {"hash": "15de6fcfa31aff8c8afec7a68deba734", "size": 1395, "tags": [28, 29, 30], "zip_id": "global_filters"}, "Filters/Scanlines - Brighter/125pct Brightness/Scan_Br_125_90.txt": {"hash": "0b3973ea45ca61071645d47dc52c858b", "size": 1395, "tags": [28, 29, 30], "zip_id": "global_filters"}, "Filters/Scanlines - Brighter/125pct Brightness/Scan_Br_125_95.txt": {"hash": "068946983d0c8cc1244b54493aea395c", "size": 1395, "tags": [28, 29, 30], "zip_id": "global_filters"}, "Filters/Scanlines - Darker.txt": {"hash": "76c0fde53f09ceb5cd87088953927e4e", "size": 1395, "tags": [28, 29, 30], "zip_id": "global_filters"}, "Filters/Scanlines - Default.txt": {"hash": "01b411c9bd606138a64f0395b1f50598", "size": 1395, "tags": [28, 29, 30], "zip_id": "global_filters"}, "Filters/Scanlines - Standard/Scanlines_00.txt": {"hash": "23bbcc9a4618094b46cc378e9af2ddb1", "size": 1393, "tags": [28, 29, 30], "zip_id": "global_filters"}, "Filters/Scanlines - Standard/Scanlines_05.txt": {"hash": "1b362e7f80bfde20dbd821bd3a9976cc", "size": 1393, "tags": [28, 29, 30], "zip_id": "global_filters"}, "Filters/Scanlines - Standard/Scanlines_10.txt": {"hash": "050f7058b66fd4f703ca0d7a5ada239c", "size": 1393, "tags": [28, 29, 30], "zip_id": "global_filters"}, "Filters/Scanlines - Standard/Scanlines_15.txt": {"hash": "20ffd5b5966c18987c18d90972eae38e", "size": 1393, "tags": [28, 29, 30], "zip_id": "global_filters"}, "Filters/Scanlines - Standard/Scanlines_20.txt": {"hash": "1cd23aa53090bf6118ce55e4817513e4", "size": 1393, "tags": [28, 29, 30], "zip_id": "global_filters"}, "Filters/Scanlines - Standard/Scanlines_25.txt": {"hash": "71f5a985e66ae5f30b101c97759b039f", "size": 1393, "tags": [28, 29, 30], "zip_id": "global_filters"}, "Filters/Scanlines - Standard/Scanlines_30.txt": {"hash": "5a7aac1e2750826bfba098f9b9e86130", "size": 1393, "tags": [28, 29, 30], "zip_id": "global_filters"}, "Filters/Scanlines - Standard/Scanlines_35.txt": {"hash": "479286553152413a73af018e137f6de8", "size": 1393, "tags": [28, 29, 30], "zip_id": "global_filters"}, "Filters/Scanlines - Standard/Scanlines_40.txt": {"hash": "2d0df06f59fe41075d06224d954d73e6", "size": 1393, "tags": [28, 29, 30], "zip_id": "global_filters"}, "Filters/Scanlines - Standard/Scanlines_45.txt": {"hash": "162c57b852425fa1cd6e9cdefc00e0fc", "size": 1393, "tags": [28, 29, 30], "zip_id": "global_filters"}, "Filters/Scanlines - Standard/Scanlines_50.txt": {"hash": "62a34bd5974107cda3cd38b392de9f20", "size": 1393, "tags": [28, 29, 30], "zip_id": "global_filters"}, "Filters/Scanlines - Standard/Scanlines_55.txt": {"hash": "b6bf5360d4c367483f088c5e9cec6552", "size": 1393, "tags": [28, 29, 30], "zip_id": "global_filters"}, "Filters/Scanlines - Standard/Scanlines_60.txt": {"hash": "05f5506d63611d91bc8179a24de36a08", "size": 1393, "tags": [28, 29, 30], "zip_id": "global_filters"}, "Filters/Scanlines - Standard/Scanlines_65.txt": {"hash": "df8e7b805f6ad7ef33972d5e37c8c3e9", "size": 1393, "tags": [28, 29, 30], "zip_id": "global_filters"}, "Filters/Scanlines - Standard/Scanlines_70.txt": {"hash": "e2fb0a9b4f92c4d10837a150c19228cb", "size": 1393, "tags": [28, 29, 30], "zip_id": "global_filters"}, "Filters/Scanlines - Standard/Scanlines_75.txt": {"hash": "f339820b2712cddaea39e216be6ba6f3", "size": 1393, "tags": [28, 29, 30], "zip_id": "global_filters"}, "Filters/Scanlines - Standard/Scanlines_80.txt": {"hash": "4c23fc3ffbe5860b511e530089ff6dd2", "size": 1393, "tags": [28, 29, 30], "zip_id": "global_filters"}, "Filters/Scanlines - Standard/Scanlines_85.txt": {"hash": "2f61b441dbda8b96e2cbc1a6bb09d9ad", "size": 1393, "tags": [28, 29, 30], "zip_id": "global_filters"}, "Filters/Scanlines - Standard/Scanlines_90.txt": {"hash": "3c1fb226ddc3208c1384753244993b98", "size": 1393, "tags": [28, 29, 30], "zip_id": "global_filters"}, "Filters/Scanlines - Standard/Scanlines_95.txt": {"hash": "3aa5562ae297d23f10c9cc5958694d69", "size": 1393, "tags": [28, 29, 30], "zip_id": "global_filters"}, "Filters/Upscaling - Lanczos Bicubic etc/Bicubic.txt": {"hash": "bb099b168af874dfb2b921209a7e1de8", "size": 1388, "tags": [28, 29, 30], "zip_id": "global_filters"}, "Filters/Upscaling - Lanczos Bicubic etc/lanczos2_10.txt": {"hash": "151e38bb68bfec115d2f3a20333fe1c5", "size": 5228, "tags": [28, 29, 30], "zip_id": "global_filters"}, "Filters/Upscaling - Lanczos Bicubic etc/lanczos2_12.txt": {"hash": "5c2568ac9a6adff777eb8bc86e2ed1b0", "size": 5228, "tags": [28, 29, 30], "zip_id": "global_filters"}, "Filters/Upscaling - Lanczos Bicubic etc/lanczos3_10.txt": {"hash": "d52694dc056b9d9c8850674a71f42fa4", "size": 5228, "tags": [28, 29, 30], "zip_id": "global_filters"}, "Filters/Upscaling - Lanczos Bicubic etc/lanczos3_12.txt": {"hash": "46945846ac1d97ac95c1708b9a8fe8aa", "size": 5228, "tags": [28, 29, 30], "zip_id": "global_filters"}, "Filters/Upscaling - Recommended/GS_Sharpness_000.txt": {"hash": "1de89e48141de55aef59a30afb73e481", "size": 1469, "tags": [28, 29, 30], "zip_id": "global_filters"}, "Filters/Upscaling - Recommended/GS_Sharpness_005.txt": {"hash": "08be285339bd726d39467531c458fc59", "size": 1470, "tags": [28, 29, 30], "zip_id": "global_filters"}, "Filters/Upscaling - Recommended/GS_Sharpness_010.txt": {"hash": "1473ee44444df8e9e8343bc86a86e1d6", "size": 1470, "tags": [28, 29, 30], "zip_id": "global_filters"}, "Filters/Upscaling - Recommended/GS_Sharpness_015.txt": {"hash": "784689ffc873b9b1bc627b7b9a7552f5", "size": 1470, "tags": [28, 29, 30], "zip_id": "global_filters"}, "Filters/Upscaling - Recommended/GS_Sharpness_020.txt": {"hash": "86edbf258e2dd3e7f4dc99840a926e2e", "size": 1470, "tags": [28, 29, 30], "zip_id": "global_filters"}, "Filters/Upscaling - Recommended/GS_Sharpness_025.txt": {"hash": "ffbce451bd30be38ea0d37935041b544", "size": 1469, "tags": [28, 29, 30], "zip_id": "global_filters"}, "Filters/Upscaling - Recommended/GS_Sharpness_030.txt": {"hash": "a46e69e7e7e005bc00f9b2207d51dd06", "size": 1470, "tags": [28, 29, 30], "zip_id": "global_filters"}, "Filters/Upscaling - Recommended/GS_Sharpness_035.txt": {"hash": "3a4931fc42440073c22afcda1bcbc7b5", "size": 1470, "tags": [28, 29, 30], "zip_id": "global_filters"}, "Filters/Upscaling - Recommended/GS_Sharpness_040.txt": {"hash": "8ed644473db77710c09fd9feba5540e2", "size": 1470, "tags": [28, 29, 30], "zip_id": "global_filters"}, "Filters/Upscaling - Recommended/GS_Sharpness_045.txt": {"hash": "f73e6a0b23fee27f3652e803b12f345e", "size": 1470, "tags": [28, 29, 30], "zip_id": "global_filters"}, "Filters/Upscaling - Recommended/GS_Sharpness_050.txt": {"hash": "3c98df52bf72234c082392ee96723203", "size": 1469, "tags": [28, 29, 30], "zip_id": "global_filters"}, "Filters/Upscaling - Recommended/GS_Sharpness_055.txt": {"hash": "a4beb399e128422b3f72f3866f65c95f", "size": 1470, "tags": [28, 29, 30], "zip_id": "global_filters"}, "Filters/Upscaling - Recommended/GS_Sharpness_060.txt": {"hash": "a7f6cddb9e65b22b32ac7190281eaca6", "size": 1470, "tags": [28, 29, 30], "zip_id": "global_filters"}, "Filters/Upscaling - Recommended/GS_Sharpness_065.txt": {"hash": "56c8e05eb3ea0337a8911972216c6bbb", "size": 1470, "tags": [28, 29, 30], "zip_id": "global_filters"}, "Filters/Upscaling - Recommended/GS_Sharpness_070.txt": {"hash": "6ef0dcc631008f49e2ffd0e391cbd97a", "size": 1470, "tags": [28, 29, 30], "zip_id": "global_filters"}, "Filters/Upscaling - Recommended/GS_Sharpness_075.txt": {"hash": "b1e3eeac57df30841171b508978f2df8", "size": 1469, "tags": [28, 29, 30], "zip_id": "global_filters"}, "Filters/Upscaling - Recommended/GS_Sharpness_080.txt": {"hash": "a24770997a3ef5b66e019900eedc5bda", "size": 1470, "tags": [28, 29, 30], "zip_id": "global_filters"}, "Filters/Upscaling - Recommended/GS_Sharpness_085.txt": {"hash": "04d42316c67a41861f4a54114e29bb14", "size": 1470, "tags": [28, 29, 30], "zip_id": "global_filters"}, "Filters/Upscaling - Recommended/GS_Sharpness_090.txt": {"hash": "dd5a043ab8680361033c27e7ee26e553", "size": 1470, "tags": [28, 29, 30], "zip_id": "global_filters"}, "Filters/Upscaling - Recommended/GS_Sharpness_095.txt": {"hash": "a2b27f2e8c09bbaf9c14664a20143aca", "size": 1470, "tags": [28, 29, 30], "zip_id": "global_filters"}, "Filters/Upscaling - Recommended/GS_Sharpness_100.txt": {"hash": "eccc92f5d1c8822dbf802a56d4d1924f", "size": 1469, "tags": [28, 29, 30], "zip_id": "global_filters"}, "Filters/Upscaling - SharpBilinear/SharpBilinear_000.txt": {"hash": "0e020f55b4dab7619d08e54df7b68c80", "size": 1398, "tags": [28, 29, 30], "zip_id": "global_filters"}, "Filters/Upscaling - SharpBilinear/SharpBilinear_010.txt": {"hash": "8040e36af9d89585601957f0e82fd609", "size": 1398, "tags": [28, 29, 30], "zip_id": "global_filters"}, "Filters/Upscaling - SharpBilinear/SharpBilinear_020.txt": {"hash": "a9951212ede2fb5c2250cab53d9fff5a", "size": 1398, "tags": [28, 29, 30], "zip_id": "global_filters"}, "Filters/Upscaling - SharpBilinear/SharpBilinear_030.txt": {"hash": "4e4d0d85916ac1f0943caa020fd19819", "size": 1398, "tags": [28, 29, 30], "zip_id": "global_filters"}, "Filters/Upscaling - SharpBilinear/SharpBilinear_040.txt": {"hash": "98f43e2b8e490e71c03f08d458ade1cc", "size": 1398, "tags": [28, 29, 30], "zip_id": "global_filters"}, "Filters/Upscaling - SharpBilinear/SharpBilinear_050.txt": {"hash": "7e6dad27e6af8b42e1fd360284e5b03e", "size": 1398, "tags": [28, 29, 30], "zip_id": "global_filters"}, "Filters/Upscaling - SharpBilinear/SharpBilinear_060.txt": {"hash": "2e8fe93e054b5943334c701f209fd452", "size": 1398, "tags": [28, 29, 30], "zip_id": "global_filters"}, "Filters/Upscaling - SharpBilinear/SharpBilinear_070.txt": {"hash": "7d8346b7c291c28a22d16b8b925cfde6", "size": 1398, "tags": [28, 29, 30], "zip_id": "global_filters"}, "Filters/Upscaling - SharpBilinear/SharpBilinear_080.txt": {"hash": "8bdafd32931fbc2fdc90f06f52ab6cb8", "size": 1398, "tags": [28, 29, 30], "zip_id": "global_filters"}, "Filters/Upscaling - SharpBilinear/SharpBilinear_090.txt": {"hash": "664f07dd5095bc4d80ca47f8ac461969", "size": 1398, "tags": [28, 29, 30], "zip_id": "global_filters"}, "Filters/Upscaling - SharpBilinear/SharpBilinear_100.txt": {"hash": "389ef1f2bb87274ad5d68c611c677d36", "size": 1398, "tags": [28, 29, 30], "zip_id": "global_filters"}, "Filters_Audio/Arcade LPF/Arcade LPF 2khz 1st.txt": {"hash": "37161cd8557323ed69cc9bcf560022eb", "size": 393, "tags": [29, 31], "zip_id": "global_filters"}, "Filters_Audio/Arcade LPF/Arcade LPF 2khz 2nd.txt": {"hash": "2a60cee5a610f8961026e478bfe50615", "size": 338, "tags": [29, 31], "zip_id": "global_filters"}, "Filters_Audio/Arcade LPF/Arcade LPF 4khz 1st.txt": {"hash": "e2c1da25a8b18e301016b4dd753560e4", "size": 393, "tags": [29, 31], "zip_id": "global_filters"}, "Filters_Audio/Arcade LPF/Arcade LPF 4khz 2nd.txt": {"hash": "513d2b5700f36408d0c06f1419858466", "size": 338, "tags": [29, 31], "zip_id": "global_filters"}, "Filters_Audio/Arcade LPF/Arcade LPF 6khz 1st.txt": {"hash": "a8752fda984a1899b2d60cd4800ddca1", "size": 393, "tags": [29, 31], "zip_id": "global_filters"}, "Filters_Audio/Arcade LPF/Arcade LPF 6khz 2nd.txt": {"hash": "cc06a59b115424bd045e069905bacc64", "size": 338, "tags": [29, 31], "zip_id": "global_filters"}, "Filters_Audio/Arcade LPF/Arcade LPF 8khz 1st.txt": {"hash": "20cccaf4b6e2fef29efd5c0b0967758b", "size": 393, "tags": [29, 31], "zip_id": "global_filters"}, "Filters_Audio/Arcade LPF/Arcade LPF 8khz 2nd.txt": {"hash": "57b7b5a6798888514ebd3a656a3e7c64", "size": 338, "tags": [29, 31], "zip_id": "global_filters"}, "Filters_Audio/Core Specific/SNES GPM-02 LPF.txt": {"hash": "2fb54dc4ba9ddc519a4537a5598d2c19", "size": 357, "tags": [29, 31], "zip_id": "global_filters"}, "Filters_Audio/General LPF/LPF 10khz 1st + AA.txt": {"hash": "d5f27f97710c88c7b73f9935d9a2e0de", "size": 381, "tags": [29, 31], "zip_id": "global_filters"}, "Filters_Audio/General LPF/LPF 12khz 1st + AA.txt": {"hash": "ef9b529a07a0deb4542d6d345b8c44b2", "size": 381, "tags": [29, 31], "zip_id": "global_filters"}, "Filters_Audio/General LPF/LPF 14khz 1st + AA.txt": {"hash": "5dd95fd03b0ddbec34971eaef055fbd0", "size": 381, "tags": [29, 31], "zip_id": "global_filters"}, "Filters_Audio/General LPF/LPF 16khz 1st + AA.txt": {"hash": "dfb25e7d173792ce875254a1152ec3d0", "size": 381, "tags": [29, 31], "zip_id": "global_filters"}, "Filters_Audio/General LPF/LPF 16khz 3rd CH 1db.txt": {"hash": "44d5fe59923a0e374a6678edae64c5e0", "size": 383, "tags": [29, 31], "zip_id": "global_filters"}, "Filters_Audio/General LPF/LPF 18khz 3rd CH 1db.txt": {"hash": "ecf944bed5e45e34a511cd52c9e06916", "size": 383, "tags": [29, 31], "zip_id": "global_filters"}, "Filters_Audio/General LPF/LPF 20khz 2nd BW.txt": {"hash": "7a4eb58af8f49497ff7a83f9bd76c246", "size": 348, "tags": [29, 31], "zip_id": "global_filters"}, "Filters_Audio/General LPF/LPF 20khz 3rd BW.txt": {"hash": "5d019aafff5c223ed7000d61d5ab5a8c", "size": 370, "tags": [29, 31], "zip_id": "global_filters"}, "Filters_Audio/General LPF/LPF 20khz 3rd CH 1db.txt": {"hash": "805c8c01ab01385cc6987240c5da4213", "size": 383, "tags": [29, 31], "zip_id": "global_filters"}, "Gamma/CRT Simulation.sh": {"hash": "c7fabcd66c7358ec32d9437d81f21d2b", "size": 554, "tags": [29, 30, 32], "zip_id": "global_filters"}, "Gamma/CRT Simulation.txt": {"hash": "13c7f1b36b983f9329736e5a09194b69", "size": 1939, "tags": [29, 30, 32], "zip_id": "global_filters"}, "Gamma/Contrast_Boost/Contrast_Boost_1.txt": {"hash": "1157e68e12566723944d27e4b1e851bb", "size": 921, "tags": [29, 30, 32], "zip_id": "global_filters"}, "Gamma/Contrast_Boost/Contrast_Boost_2.txt": {"hash": "557eaddc34a18edab8f48c0755a8bf54", "size": 914, "tags": [29, 30, 32], "zip_id": "global_filters"}, "Gamma/Contrast_Boost/Contrast_Boost_3.txt": {"hash": "74c8a44b263d6142374a84f4605bc1d6", "size": 908, "tags": [29, 30, 32], "zip_id": "global_filters"}, "Gamma/Contrast_Boost/Contrast_Boost_4.txt": {"hash": "3817065f6a2b02dc9c8c778226a89863", "size": 902, "tags": [29, 30, 32], "zip_id": "global_filters"}, "Gamma/Contrast_Boost/Contrast_Boost_5.txt": {"hash": "ddebe7af9ad3442f4df31ef5f7a9b712", "size": 897, "tags": [29, 30, 32], "zip_id": "global_filters"}, "Gamma/Poly_Gamma/Poly 2.3.txt": {"hash": "2f69de8b95ffbec5ca4592ff3a1cd27b", "size": 1791, "tags": [29, 30, 32], "zip_id": "global_filters"}, "Gamma/Poly_Gamma/Poly 2.4.txt": {"hash": "19d0a384f297798b33973222164897ae", "size": 1791, "tags": [29, 30, 32], "zip_id": "global_filters"}, "Gamma/Poly_Gamma/Poly 2.5.txt": {"hash": "ca26e4ceac106ce9997719e56e4b1b73", "size": 1791, "tags": [29, 30, 32], "zip_id": "global_filters"}, "Gamma/Poly_Gamma/Poly 2.6.txt": {"hash": "1c80603b9fe465d8b840215a2d0950dc", "size": 1791, "tags": [29, 30, 32], "zip_id": "global_filters"}, "Gamma/Poly_Gamma/Poly 2.7.txt": {"hash": "c7a74df9bb0664f63f3a4eb1620caa02", "size": 1791, "tags": [29, 30, 32], "zip_id": "global_filters"}, "Gamma/Poly_Gamma/Poly 2.8.txt": {"hash": "1ff2764e54884693cfbb8a73d809e937", "size": 1788, "tags": [29, 30, 32], "zip_id": "global_filters"}, "Gamma/Poly_Gamma/Poly 2.9.txt": {"hash": "a9a9614951eb64cfaa29ac83fe0189f0", "size": 1791, "tags": [29, 30, 32], "zip_id": "global_filters"}, "Gamma/Poly_Gamma/Poly 3.0.txt": {"hash": "59a5c840014c8aecc7eeff56c3df8729", "size": 1791, "tags": [29, 30, 32], "zip_id": "global_filters"}, "Gamma/Pure_Gamma/gamma_110.txt": {"hash": "2d85886f9db8b22a46c5e51de7b2be7c", "size": 933, "tags": [29, 30, 32], "zip_id": "global_filters"}, "Gamma/Pure_Gamma/gamma_113.txt": {"hash": "1c7e1b7fcc35f770964a2aca3600b863", "size": 934, "tags": [29, 30, 32], "zip_id": "global_filters"}, "Gamma/Pure_Gamma/gamma_115.txt": {"hash": "0d87467da01522cd2c629dc7732c1e60", "size": 928, "tags": [29, 30, 32], "zip_id": "global_filters"}, "Gamma/Pure_Gamma/gamma_120.txt": {"hash": "efa22321117d1315f239c16ce8696068", "size": 921, "tags": [29, 30, 32], "zip_id": "global_filters"}, "Gamma/Pure_Gamma/gamma_125.txt": {"hash": "178e6f381d428e7faded2666135abf5e", "size": 916, "tags": [29, 30, 32], "zip_id": "global_filters"}, "Gamma/Pure_Gamma/gamma_130.txt": {"hash": "4ded6411d892f154571e4fc1cfbf0c65", "size": 910, "tags": [29, 30, 32], "zip_id": "global_filters"}, "Gamma/Pure_Gamma/gamma_135.txt": {"hash": "062a6619e6d31563592200004ab24474", "size": 906, "tags": [29, 30, 32], "zip_id": "global_filters"}, "Gamma/Pure_Gamma/gamma_140.txt": {"hash": "1dea3819d97fed90608e7d7476e267c0", "size": 899, "tags": [29, 30, 32], "zip_id": "global_filters"}, "Gamma/Pure_Gamma/gamma_145.txt": {"hash": "ce63845941d94162a25b1ada570f6d3b", "size": 1824, "tags": [29, 30, 32], "zip_id": "global_filters"}, "Gamma/Pure_Gamma/gamma_150.txt": {"hash": "d620264a308910ed1535b29fc2859e7e", "size": 1823, "tags": [29, 30, 32], "zip_id": "global_filters"}, "Gamma/Pure_Gamma/gamma_155.txt": {"hash": "cb0d27494847b43d4fd6213a7c5c667f", "size": 1824, "tags": [29, 30, 32], "zip_id": "global_filters"}, "Gamma/Pure_Gamma/gamma_160.txt": {"hash": "a57652477546f842b0800118876dcc4f", "size": 1823, "tags": [29, 30, 32], "zip_id": "global_filters"}, "Gamma/Pure_Gamma/gamma_165.txt": {"hash": "af4bf8a12a9b745c53bd2e43d3683c9f", "size": 1824, "tags": [29, 30, 32], "zip_id": "global_filters"}, "Gamma/Pure_Gamma/gamma_170.txt": {"hash": "43c0ac5e96d257860068c089bd8b18eb", "size": 1823, "tags": [29, 30, 32], "zip_id": "global_filters"}, "Gamma/Pure_Gamma/gamma_175.txt": {"hash": "3de7ae74029265fead04c03201f08ab5", "size": 1824, "tags": [29, 30, 32], "zip_id": "global_filters"}, "Gamma/Pure_Gamma/gamma_180.txt": {"hash": "1f9d7a098c64573d386c730fdef1cad2", "size": 1823, "tags": [29, 30, 32], "zip_id": "global_filters"}, "Gamma/Pure_Gamma/gamma_185.txt": {"hash": "6ab1b1e2a013d8a5a534d46bf22e152a", "size": 1824, "tags": [29, 30, 32], "zip_id": "global_filters"}, "Gamma/Pure_Gamma/gamma_190.txt": {"hash": "5ab63fdc3a13a090a5dea82482e4d54c", "size": 1823, "tags": [29, 30, 32], "zip_id": "global_filters"}, "Gamma/Pure_Gamma/gamma_195.txt": {"hash": "976863b63d6dda3dd9b567d5d8726a80", "size": 1824, "tags": [29, 30, 32], "zip_id": "global_filters"}, "Gamma/Pure_Gamma/gamma_200.txt": {"hash": "f7bdd86c50efa63cbbaef95eef264840", "size": 1824, "tags": [29, 30, 32], "zip_id": "global_filters"}}, "folders": {"Filters": {"tags": [28], "zip_id": "global_filters"}, "Filters/CRT - Simulation": {"tags": [28, 231], "zip_id": "global_filters"}, "Filters/LCD - General": {"tags": [28, 233], "zip_id": "global_filters"}, "Filters/LCD - Integer Only": {"tags": [28, 229], "zip_id": "global_filters"}, "Filters/Scanlines - Adaptive": {"tags": [28, 226], "zip_id": "global_filters"}, "Filters/Scanlines - Brighter": {"tags": [28, 222], "zip_id": "global_filters"}, "Filters/Scanlines - Brighter/105pct Brightness": {"tags": [28, 222], "zip_id": "global_filters"}, "Filters/Scanlines - Brighter/110pct Brightness": {"tags": [28, 222], "zip_id": "global_filters"}, "Filters/Scanlines - Brighter/115pct Brightness": {"tags": [28, 222], "zip_id": "global_filters"}, "Filters/Scanlines - Brighter/120pct Brightness": {"tags": [28, 222], "zip_id": "global_filters"}, "Filters/Scanlines - Brighter/125pct Brightness": {"tags": [28, 222], "zip_id": "global_filters"}, "Filters/Scanlines - Standard": {"tags": [28, 227], "zip_id": "global_filters"}, "Filters/Upscaling - Lanczos Bicubic etc": {"tags": [28, 223], "zip_id": "global_filters"}, "Filters/Upscaling - Recommended": {"tags": [28, 225], "zip_id": "global_filters"}, "Filters/Upscaling - SharpBilinear": {"tags": [28, 224], "zip_id": "global_filters"}, "Filters_Audio": {"tags": [31], "zip_id": "global_filters"}, "Filters_Audio/Arcade LPF": {"tags": [31, 232], "zip_id": "global_filters"}, "Filters_Audio/Core Specific": {"tags": [31, 228], "zip_id": "global_filters"}, "Filters_Audio/General LPF": {"tags": [31, 230], "zip_id": "global_filters"}, "Gamma": {"tags": [32], "zip_id": "global_filters"}, "Gamma/Contrast_Boost": {"tags": [32, 234], "zip_id": "global_filters"}, "Gamma/Poly_Gamma": {"tags": [32, 235], "zip_id": "global_filters"}, "Gamma/Pure_Gamma": {"tags": [32, 236], "zip_id": "global_filters"}}}