{"files": {"Cheats/TGFX16/1941 - Counter Attack (J) (SGX) [8C4588E2].zip": {"hash": "856a48fd11e845a92d6d9790a3990669", "size": 237, "tags": [2, 19], "zip_id": "cheats_folder_tgfx16"}, "Cheats/TGFX16/1943 Kai (J) [79362389].zip": {"hash": "33d3c864050d64e8173203daec5e748b", "size": 889, "tags": [2, 19], "zip_id": "cheats_folder_tgfx16"}, "Cheats/TGFX16/Adventure Island (Japan) [8E71D4F3].zip": {"hash": "f799368c242ca90ed137b4933f14c009", "size": 5347, "tags": [2, 19], "zip_id": "cheats_folder_tgfx16"}, "Cheats/TGFX16/Aero Blasters (USA) [B03E0B32].zip": {"hash": "c1e3c3b7f169e653db7f2177f1ddaa9b", "size": 1091, "tags": [2, 19], "zip_id": "cheats_folder_tgfx16"}, "Cheats/TGFX16/After Burner II (Japan) [CA72A828].zip": {"hash": "a2d700d146f32b2468f41f4c3a22fc60", "size": 527, "tags": [2, 19], "zip_id": "cheats_folder_tgfx16"}, "Cheats/TGFX16/Air Zonk (USA) [933D5BCC].zip": {"hash": "024ee44fa64c5209625f0d712038fbd8", "size": 374, "tags": [2, 19], "zip_id": "cheats_folder_tgfx16"}, "Cheats/TGFX16/Aldynes (J) (SGX) [4C2126B0].zip": {"hash": "3b132d8ec2c6dcd5c049dd6b105c64f3", "size": 513, "tags": [2, 19], "zip_id": "cheats_folder_tgfx16"}, "Cheats/TGFX16/Alien Crush (USA) [EA488494].zip": {"hash": "c250758d2ad958406097557f0f1db306", "size": 235, "tags": [2, 19], "zip_id": "cheats_folder_tgfx16"}, "Cheats/TGFX16/Andre' Panza Kick Boxing (USA) [A980E0E9].zip": {"hash": "a2aefe27ae1ca17f36f725ab8c5ee1dd", "size": 527, "tags": [2, 19], "zip_id": "cheats_folder_tgfx16"}, "Cheats/TGFX16/Aoi Blink (Japan) [08A09B9A].zip": {"hash": "1aa5a7ba4014788db5795ac823b95c65", "size": 511, "tags": [2, 19], "zip_id": "cheats_folder_tgfx16"}, "Cheats/TGFX16/Appare! Gateball (Japan) [2B54CBA2].zip": {"hash": "b0ee8e5778e2fdd9974c3763ad48c10d", "size": 243, "tags": [2, 19], "zip_id": "cheats_folder_tgfx16"}, "Cheats/TGFX16/Armed F (Japan) [20EF87FD].zip": {"hash": "213d5f22ca36c88563283b7826a40795", "size": 665, "tags": [2, 19], "zip_id": "cheats_folder_tgfx16"}, "Cheats/TGFX16/Atomic Robo-Kid Special (Japan) [DD175EFD].zip": {"hash": "7b4c196051f23cc9f3681bdcaf795fdb", "size": 511, "tags": [2, 19], "zip_id": "cheats_folder_tgfx16"}, "Cheats/TGFX16/Ballistix (USA) [420FA189].zip": {"hash": "b891cb0b7a12c49f49948cf6b48e4910", "size": 236, "tags": [2, 19], "zip_id": "cheats_folder_tgfx16"}, "Cheats/TGFX16/Bari Bari Densetsu (Japan) [C267E25D].zip": {"hash": "609608e70220a17085639a50254cf593", "size": 540, "tags": [2, 19], "zip_id": "cheats_folder_tgfx16"}, "Cheats/TGFX16/Barunba (Japan) [4A3DF3CA].zip": {"hash": "4365f2123e2acc9a715b899b8d11d66b", "size": 388, "tags": [2, 19], "zip_id": "cheats_folder_tgfx16"}, "Cheats/TGFX16/Batman (Japan) [106BB7B2].zip": {"hash": "dafd3aadd07bf28058a5858136cec129", "size": 2828, "tags": [2, 19], "zip_id": "cheats_folder_tgfx16"}, "Cheats/TGFX16/Battle Lode Runner (Japan) [59E44F45].zip": {"hash": "c6f30f49047217b8dfced6e7e680323b", "size": 412, "tags": [2, 19], "zip_id": "cheats_folder_tgfx16"}, "Cheats/TGFX16/Battle Royale (USA) [E70B01AF].zip": {"hash": "00c8b7e72e0106cfd3cf56770ee806b0", "size": 238, "tags": [2, 19], "zip_id": "cheats_folder_tgfx16"}, "Cheats/TGFX16/Be Ball (Japan) [E439F299].zip": {"hash": "103ea961bfe217fa9b643ebd04ba1fca", "size": 381, "tags": [2, 19], "zip_id": "cheats_folder_tgfx16"}, "Cheats/TGFX16/Be Ball (Tai Sang Version) (J) [968770F6].zip": {"hash": "103ea961bfe217fa9b643ebd04ba1fca", "size": 381, "tags": [2, 19], "zip_id": "cheats_folder_tgfx16"}, "Cheats/TGFX16/Benkei Gaiden (Japan) (Alt 1) [E1A73797].zip": {"hash": "eeecb42f661c5a866c8627b556fb73b4", "size": 537, "tags": [2, 19], "zip_id": "cheats_folder_tgfx16"}, "Cheats/TGFX16/Bikkuriman World (Japan) [2841FD1E].zip": {"hash": "eccdda454377c99fa92530e3e396c96a", "size": 1265, "tags": [2, 19], "zip_id": "cheats_folder_tgfx16"}, "Cheats/TGFX16/Blazing Lazers (USA) [B4A1B0F6].zip": {"hash": "77798c0ef948eb53b5f235eca55f9193", "size": 509, "tags": [2, 19], "zip_id": "cheats_folder_tgfx16"}, "Cheats/TGFX16/Blodia (Japan) [958BCD09].zip": {"hash": "fb05bde269b16ed73603a83c6a66b04d", "size": 253, "tags": [2, 19], "zip_id": "cheats_folder_tgfx16"}, "Cheats/TGFX16/Bloody Wolf (USA) [37BAF6BC].zip": {"hash": "640fe2b198391d76416bf1fb3788a184", "size": 2016, "tags": [2, 19], "zip_id": "cheats_folder_tgfx16"}, "Cheats/TGFX16/Bodycon Quest II (Japan) (Unl) [FFD92458].zip": {"hash": "98ee12ef1bdbfe906a5bc1de4a08a9d7", "size": 379, "tags": [2, 19], "zip_id": "cheats_folder_tgfx16"}, "Cheats/TGFX16/Bomberman '93 (USA) [56171C1C].zip": {"hash": "e84c5b840bdb97d942c9300887d19574", "size": 3309, "tags": [2, 19], "zip_id": "cheats_folder_tgfx16"}, "Cheats/TGFX16/Bomberman '93 - Special Version (Japan) [02309AA0].zip": {"hash": "bb1e26013784aabb3214c1ad308f4a39", "size": 231, "tags": [2, 19], "zip_id": "cheats_folder_tgfx16"}, "Cheats/TGFX16/Bomberman '94 (Japan) [05362516].zip": {"hash": "2257fcda2b8358ce0bf37ea27b5082a9", "size": 367, "tags": [2, 19], "zip_id": "cheats_folder_tgfx16"}, "Cheats/TGFX16/Bomberman (USA) [5F6F3C2A].zip": {"hash": "fd2720aa84da893aacb3dd4c43216f5c", "size": 800, "tags": [2, 19], "zip_id": "cheats_folder_tgfx16"}, "Cheats/TGFX16/Bomberman - Users Battle (Japan) [1489FA51].zip": {"hash": "defc52cb971a9146f032ef96049777b3", "size": 241, "tags": [2, 19], "zip_id": "cheats_folder_tgfx16"}, "Cheats/TGFX16/Bonk 3 - Bonk's Big Adventure (USA) [5A3F76D8].zip": {"hash": "bb3447fbebd371097f89719cdfe264d7", "size": 1929, "tags": [2, 19], "zip_id": "cheats_folder_tgfx16"}, "Cheats/TGFX16/Bonk's Adventure (USA) [599EAD9B].zip": {"hash": "e29124a21835dc349c864aa867842850", "size": 2218, "tags": [2, 19], "zip_id": "cheats_folder_tgfx16"}, "Cheats/TGFX16/Bonk's Revenge (USA) [14250F9A].zip": {"hash": "d74198fcdbb8555575f9613c60d4b18d", "size": 1962, "tags": [2, 19], "zip_id": "cheats_folder_tgfx16"}, "Cheats/TGFX16/Bouken Danshaku Don - The Lost Sunheart (Japan) [8F4D9F94].zip": {"hash": "4b16eb849d93c5bb4b215d89ecd8a069", "size": 670, "tags": [2, 19], "zip_id": "cheats_folder_tgfx16"}, "Cheats/TGFX16/Boxyboy (USA) [605BE213].zip": {"hash": "3cd2fcbb2806a85512899d76d1ec58da", "size": 239, "tags": [2, 19], "zip_id": "cheats_folder_tgfx16"}, "Cheats/TGFX16/Bravoman (USA) [CCA08B02].zip": {"hash": "a3e4d659f3cae93cea8dbfd32cc76f46", "size": 373, "tags": [2, 19], "zip_id": "cheats_folder_tgfx16"}, "Cheats/TGFX16/Bull Fight - Ring no Hasha (Japan) [5C4D1991].zip": {"hash": "a9a377b9d679df7f64daad6f9f401583", "size": 1754, "tags": [2, 19], "zip_id": "cheats_folder_tgfx16"}, "Cheats/TGFX16/Burning Angels (Japan) [D233C05A].zip": {"hash": "6f122444df0a6422a8f840e5f94a65cc", "size": 691, "tags": [2, 19], "zip_id": "cheats_folder_tgfx16"}, "Cheats/TGFX16/Busou Keiji - Cyber Cross (Japan) [D0C250CA].zip": {"hash": "76342c925da28d3ccfedfd395ca84352", "size": 369, "tags": [2, 19], "zip_id": "cheats_folder_tgfx16"}, "Cheats/TGFX16/Cadash (USA) [BB0B3AEF].zip": {"hash": "66cd61846c8d8a553ef9b6dc7c2878a8", "size": 1847, "tags": [2, 19], "zip_id": "cheats_folder_tgfx16"}, "Cheats/TGFX16/Champion Wrestler (Japan) [9EDC0AEA].zip": {"hash": "420ac601973480db3aa0be0aab7fa996", "size": 399, "tags": [2, 19], "zip_id": "cheats_folder_tgfx16"}, "Cheats/TGFX16/Champions Forever Boxing (USA) [15EE889A].zip": {"hash": "9f85292973bc3ede5ac9e6fa85dd827e", "size": 1128, "tags": [2, 19], "zip_id": "cheats_folder_tgfx16"}, "Cheats/TGFX16/Chase H.Q. (USA) [9298254C].zip": {"hash": "efb99e36d7278e346adc2e24abd16ce6", "size": 643, "tags": [2, 19], "zip_id": "cheats_folder_tgfx16"}, "Cheats/TGFX16/Chew-Man-Fu (USA) [8CD13E9A].zip": {"hash": "6578592913ba2290a5eddf49900fb8b1", "size": 509, "tags": [2, 19], "zip_id": "cheats_folder_tgfx16"}, "Cheats/TGFX16/China Warrior (USA) [A2EE361D].zip": {"hash": "911b263d379b98648d71ddf862a49267", "size": 375, "tags": [2, 19], "zip_id": "cheats_folder_tgfx16"}, "Cheats/TGFX16/Chouzetsurinjin Bravoman (Japan) [0DF57C90].zip": {"hash": "1aa60dc3938b2096f5764c48a62d8317", "size": 526, "tags": [2, 19], "zip_id": "cheats_folder_tgfx16"}, "Cheats/TGFX16/Circus Lido (Japan) [C3212C24].zip": {"hash": "dd4276d27ba2257140b231985b87547b", "size": 235, "tags": [2, 19], "zip_id": "cheats_folder_tgfx16"}, "Cheats/TGFX16/City Hunter (Japan) [F91B055F].zip": {"hash": "aaf54cd0bc18cbf0d704aff14e1412ed", "size": 388, "tags": [2, 19], "zip_id": "cheats_folder_tgfx16"}, "Cheats/TGFX16/Columns (Japan) [99F7A572].zip": {"hash": "a46761eddecbeba1f0d204da6fde6e56", "size": 259, "tags": [2, 19], "zip_id": "cheats_folder_tgfx16"}, "Cheats/TGFX16/Coryoon - Child of Dragon (Japan) [B4D29E3B].zip": {"hash": "8ef3b5d2d9a69afae91c7e71176b3b79", "size": 511, "tags": [2, 19], "zip_id": "cheats_folder_tgfx16"}, "Cheats/TGFX16/Cratermaze (USA) [9033E83A].zip": {"hash": "68cab7c10b83b8fe55a387854cb2f9d6", "size": 655, "tags": [2, 19], "zip_id": "cheats_folder_tgfx16"}, "Cheats/TGFX16/Cross Wiber - Cyber Combat Police (Japan) [2DF97BD0].zip": {"hash": "f43e33b9e4b9ae220a0dc9cc219f0283", "size": 373, "tags": [2, 19], "zip_id": "cheats_folder_tgfx16"}, "Cheats/TGFX16/Cyber Core (USA) [4CFB6E3E].zip": {"hash": "e1ab4c0201b1093220e250f97d7420b8", "size": 377, "tags": [2, 19], "zip_id": "cheats_folder_tgfx16"}, "Cheats/TGFX16/Cyber Dodge (Japan) [B5326B16].zip": {"hash": "fd993737cf25ad3c90154cb121d9ddfd", "size": 1459, "tags": [2, 19], "zip_id": "cheats_folder_tgfx16"}, "Cheats/TGFX16/Cyber Knight (Japan) [A594FAC0].zip": {"hash": "9243de29fdb299698abccb18bb166204", "size": 255, "tags": [2, 19], "zip_id": "cheats_folder_tgfx16"}, "Cheats/TGFX16/Daimakaimura (J) (SGX) [B486A8ED].zip": {"hash": "6ed87049ff74f6a5126ed470f9dcb777", "size": 1263, "tags": [2, 19], "zip_id": "cheats_folder_tgfx16"}, "Cheats/TGFX16/Daisenpuu (Japan) [9107BCC8].zip": {"hash": "30e3416f6961e995541548a7c73c035a", "size": 516, "tags": [2, 19], "zip_id": "cheats_folder_tgfx16"}, "Cheats/TGFX16/Darius Alpha (Japan) (SG Enhanced) [B0BA689F].zip": {"hash": "4c4313e2a3be407fb3e59f2d7bea1e2c", "size": 371, "tags": [2, 19], "zip_id": "cheats_folder_tgfx16"}, "Cheats/TGFX16/Darius Plus (Japan) (SG Enhanced) [BEBFE042].zip": {"hash": "9e7b993fc2395b38ebf458b2377d95b9", "size": 623, "tags": [2, 19], "zip_id": "cheats_folder_tgfx16"}, "Cheats/TGFX16/Darkwing Duck (USA) [4AC97606].zip": {"hash": "123a7500c0a9259ad1010bd68a05017a", "size": 371, "tags": [2, 19], "zip_id": "cheats_folder_tgfx16"}, "Cheats/TGFX16/Dead Moon (USA) [F5D98B0B].zip": {"hash": "5066968c8fabf5dfd0e880fa076723dd", "size": 662, "tags": [2, 19], "zip_id": "cheats_folder_tgfx16"}, "Cheats/TGFX16/Dead Moon - Getsu Sekai no Akumu (Japan) [56739BC7].zip": {"hash": "5066968c8fabf5dfd0e880fa076723dd", "size": 662, "tags": [2, 19], "zip_id": "cheats_folder_tgfx16"}, "Cheats/TGFX16/Deep Blue (USA) [16B40B44].zip": {"hash": "1811d0b3412035e351c49799b3c0e9f0", "size": 237, "tags": [2, 19], "zip_id": "cheats_folder_tgfx16"}, "Cheats/TGFX16/Detana!! TwinBee (Japan) [5CF59D80].zip": {"hash": "f170a3564404c23b08d98e15bc1c7f1a", "size": 815, "tags": [2, 19], "zip_id": "cheats_folder_tgfx16"}, "Cheats/TGFX16/Devil Crash - Naxat Pinball (Japan) [4EC81A80].zip": {"hash": "197fb861b15702179ff852c0b2a96c12", "size": 243, "tags": [2, 19], "zip_id": "cheats_folder_tgfx16"}, "Cheats/TGFX16/Devil's Crush (USA) [157B4492].zip": {"hash": "706f874f971506e244ab621e8ab0d520", "size": 235, "tags": [2, 19], "zip_id": "cheats_folder_tgfx16"}, "Cheats/TGFX16/Die Hard (Japan) [1B5B1CB1].zip": {"hash": "733ee187e3ad80637324af24defd91f7", "size": 812, "tags": [2, 19], "zip_id": "cheats_folder_tgfx16"}, "Cheats/TGFX16/Digital Champ (Japan) [17BA3032].zip": {"hash": "a6b75fb9d2e8d445c8f78ba2cb137a64", "size": 237, "tags": [2, 19], "zip_id": "cheats_folder_tgfx16"}, "Cheats/TGFX16/Don Doko Don! (Japan) [F42AA73E].zip": {"hash": "8c88b8ff28eb3a4cb178af9ca3334bda", "size": 531, "tags": [2, 19], "zip_id": "cheats_folder_tgfx16"}, "Cheats/TGFX16/Doraemon - Meikyuu Daisakusen (Japan) [DC760A07].zip": {"hash": "04a177b2feb5917246b76cd68e8601b6", "size": 647, "tags": [2, 19], "zip_id": "cheats_folder_tgfx16"}, "Cheats/TGFX16/Doraemon - Nobita no Dorabian Night (Japan) [013A747F].zip": {"hash": "eefc4b487408d8844818256ce8a37c5d", "size": 511, "tags": [2, 19], "zip_id": "cheats_folder_tgfx16"}, "Cheats/TGFX16/Double Dungeons (USA) [4A1A8C60].zip": {"hash": "e6c7c48d6415a49a57137535c4b04ffd", "size": 1645, "tags": [2, 19], "zip_id": "cheats_folder_tgfx16"}, "Cheats/TGFX16/Download (Japan) [85101C20].zip": {"hash": "9c53841589851370838678c1a96274e0", "size": 706, "tags": [2, 19], "zip_id": "cheats_folder_tgfx16"}, "Cheats/TGFX16/Dragon Egg! (Japan) [442405D5].zip": {"hash": "ea236be40c8c06297bfd43536db16f95", "size": 1897, "tags": [2, 19], "zip_id": "cheats_folder_tgfx16"}, "Cheats/TGFX16/Dragon Saber - After Story of Dragon Spirit (Japan) [3219849C].zip": {"hash": "28a3c16b0596ce3f39d21f3c6c8fb514", "size": 671, "tags": [2, 19], "zip_id": "cheats_folder_tgfx16"}, "Cheats/TGFX16/Dragon Spirit (USA) [086F148C].zip": {"hash": "b3873e86a2f924a829ab299ebd3318b8", "size": 375, "tags": [2, 19], "zip_id": "cheats_folder_tgfx16"}, "Cheats/TGFX16/Dragon's Curse (USA) [7D2C4B09].zip": {"hash": "865489ea9c56fbaec01640dda10c0ccd", "size": 5057, "tags": [2, 19], "zip_id": "cheats_folder_tgfx16"}, "Cheats/TGFX16/Drop Off (USA) [FEA27B32].zip": {"hash": "a2d4cb9a5a5b36af330f6b2c44b8d297", "size": 1171, "tags": [2, 19], "zip_id": "cheats_folder_tgfx16"}, "Cheats/TGFX16/Drop Rock Hora Hora (Japan) (Alt 1) [8E81FCAC].zip": {"hash": "1ea5f8c67e1a98b9e7dcb81ea7b1d86f", "size": 379, "tags": [2, 19], "zip_id": "cheats_folder_tgfx16"}, "Cheats/TGFX16/Drop Rock Hora Hora (Japan) [67EC5EC4].zip": {"hash": "2becdb02ab1ab327484b1de8afe3fe48", "size": 379, "tags": [2, 19], "zip_id": "cheats_folder_tgfx16"}, "Cheats/TGFX16/Dungeon Explorer (USA) [4FF01515].zip": {"hash": "f5604bf90aaa52283c187e29f545462f", "size": 246, "tags": [2, 19], "zip_id": "cheats_folder_tgfx16"}, "Cheats/TGFX16/Dungeons & Dragons - Order of the Griffon (USA) [FAE0FC60].zip": {"hash": "cdc29b38afd85f98d7224cdaa09611cf", "size": 245, "tags": [2, 19], "zip_id": "cheats_folder_tgfx16"}, "Cheats/TGFX16/Energy (Japan) [CA68FF21].zip": {"hash": "83225c5c3d9c3bb9b181f859ccff899e", "size": 245, "tags": [2, 19], "zip_id": "cheats_folder_tgfx16"}, "Cheats/TGFX16/Eternal City - Toshi Tensou Keikaku (Japan) [B18D102D].zip": {"hash": "a701ae67c1b72d465e17abb9a56af2a1", "size": 363, "tags": [2, 19], "zip_id": "cheats_folder_tgfx16"}, "Cheats/TGFX16/F-1 Dream (Japan) [D50FF730].zip": {"hash": "bf26dea38d357420bc405ad694a9fd58", "size": 507, "tags": [2, 19], "zip_id": "cheats_folder_tgfx16"}, "Cheats/TGFX16/F1 Triple Battle (Japan) [13BF0409].zip": {"hash": "370f4ebe0e271f4cc3a94097fa53428b", "size": 375, "tags": [2, 19], "zip_id": "cheats_folder_tgfx16"}, "Cheats/TGFX16/Fantasy Zone (USA) [E8C3573D].zip": {"hash": "026cb2e305880d3cbbc8340937ab80e9", "size": 1502, "tags": [2, 19], "zip_id": "cheats_folder_tgfx16"}, "Cheats/TGFX16/Fighting Run (Japan) [1828D2E5].zip": {"hash": "307c1d3d5e645ff2bb1cec75eb33c959", "size": 543, "tags": [2, 19], "zip_id": "cheats_folder_tgfx16"}, "Cheats/TGFX16/Final Blaster (Japan) [C90971BA].zip": {"hash": "ca6cb52b7cd06722ffc3d9cd217b209b", "size": 528, "tags": [2, 19], "zip_id": "cheats_folder_tgfx16"}, "Cheats/TGFX16/Final Lap Twin (USA) [26408EA3].zip": {"hash": "d236f58129e5261074885736462c28f6", "size": 423, "tags": [2, 19], "zip_id": "cheats_folder_tgfx16"}, "Cheats/TGFX16/Final Soldier (Japan) (En) [AF2DD2AF].zip": {"hash": "407bd17a598fd0c0a5d881c095086007", "size": 371, "tags": [2, 19], "zip_id": "cheats_folder_tgfx16"}, "Cheats/TGFX16/Final Soldier - Special Version (Japan) (En) [02A578C5].zip": {"hash": "ad02af8ffffd701f662702d1005f3cf5", "size": 501, "tags": [2, 19], "zip_id": "cheats_folder_tgfx16"}, "Cheats/TGFX16/Fire Pro Wrestling 2 - 2nd Bout (Japan) [E88987BB].zip": {"hash": "803e7faa99e83fa55f79ea3e40f283d8", "size": 727, "tags": [2, 19], "zip_id": "cheats_folder_tgfx16"}, "Cheats/TGFX16/Fushigi no Yume no Alice (Japan) [12C4E6FD].zip": {"hash": "e3480df07fc53731bee154691e57b65d", "size": 689, "tags": [2, 19], "zip_id": "cheats_folder_tgfx16"}, "Cheats/TGFX16/Galaga '88 (Japan) [1A8393C6].zip": {"hash": "f064477db3ccdb5998a2a4d235386b34", "size": 532, "tags": [2, 19], "zip_id": "cheats_folder_tgfx16"}, "Cheats/TGFX16/Galaga '90 (USA) [2909DEC6].zip": {"hash": "5af291d99129294d951b6104c55f1864", "size": 394, "tags": [2, 19], "zip_id": "cheats_folder_tgfx16"}, "Cheats/TGFX16/Gekisha Boy (Japan) [E8702D51].zip": {"hash": "2afc32333f11489cef6b0d33306fc897", "size": 241, "tags": [2, 19], "zip_id": "cheats_folder_tgfx16"}, "Cheats/TGFX16/Genji Tsuushin Agedama (Japan) [AD450DFC].zip": {"hash": "610c20cd637928cc40a797c6c6e273aa", "size": 378, "tags": [2, 19], "zip_id": "cheats_folder_tgfx16"}, "Cheats/TGFX16/Genpei Toumaden (Japan) [B926C682].zip": {"hash": "a2888f20daa970f67c67ef85ee3f364d", "size": 373, "tags": [2, 19], "zip_id": "cheats_folder_tgfx16"}, "Cheats/TGFX16/Genpei Toumaden - Kan no Ni (Japan) [8793758C].zip": {"hash": "3ebe45ea2fbcf1abeb5777b1df78c515", "size": 237, "tags": [2, 19], "zip_id": "cheats_folder_tgfx16"}, "Cheats/TGFX16/Ghost Manor (USA) [2DB4C1FD].zip": {"hash": "ac1cff37cf632c3a3b7bae4c70548105", "size": 662, "tags": [2, 19], "zip_id": "cheats_folder_tgfx16"}, "Cheats/TGFX16/Gokuraku! Chuuka Taisen (Japan) [E749A22C].zip": {"hash": "2a4cd21387e69568cfbc6396ae2b0c22", "size": 1095, "tags": [2, 19], "zip_id": "cheats_folder_tgfx16"}, "Cheats/TGFX16/Gomola Speed (Japan) [4BD38F17].zip": {"hash": "de205a8ded6b41949c5acd6bc966acaa", "size": 850, "tags": [2, 19], "zip_id": "cheats_folder_tgfx16"}, "Cheats/TGFX16/Gradius (Japan) [0517DA65].zip": {"hash": "22a13baef005cb6cb99d84d896bbe508", "size": 699, "tags": [2, 19], "zip_id": "cheats_folder_tgfx16"}, "Cheats/TGFX16/Gunhed (Japan) [A17D4D7E].zip": {"hash": "f2bbedb4e43206eb75e54d77e019106a", "size": 383, "tags": [2, 19], "zip_id": "cheats_folder_tgfx16"}, "Cheats/TGFX16/Gunhed - Special Version (Japan) [57F183AE].zip": {"hash": "77798c0ef948eb53b5f235eca55f9193", "size": 509, "tags": [2, 19], "zip_id": "cheats_folder_tgfx16"}, "Cheats/TGFX16/Hana Taaka Daka! (Japan) [BA4D0DD4].zip": {"hash": "e7c18b08bdbca9eabddd23f8b14e8a0c", "size": 526, "tags": [2, 19], "zip_id": "cheats_folder_tgfx16"}, "Cheats/TGFX16/Hanii in the Sky (Japan) [BF3E2CC7].zip": {"hash": "eb5f7d9a4f34d9f8dd58a4c3804c6596", "size": 237, "tags": [2, 19], "zip_id": "cheats_folder_tgfx16"}, "Cheats/TGFX16/Hanii on the Road (Japan) [9897FA86].zip": {"hash": "98f59b1ccd44c3bab7a5712777ba7eb9", "size": 367, "tags": [2, 19], "zip_id": "cheats_folder_tgfx16"}, "Cheats/TGFX16/Heavy Unit (Japan) [EB923DE5].zip": {"hash": "0675935c9a3f867c2119178a33b116ab", "size": 368, "tags": [2, 19], "zip_id": "cheats_folder_tgfx16"}, "Cheats/TGFX16/Hit the Ice - VHL - The Official Video Hockey League (USA) [8B29C3AA].zip": {"hash": "b6ce47e2646ae1d5eedfae38d7dd2642", "size": 236, "tags": [2, 19], "zip_id": "cheats_folder_tgfx16"}, "Cheats/TGFX16/Idol Hanafuda Fan Club (Japan) (Unl) [9EC6FC6C].zip": {"hash": "ba9b96f4784c76843ec39af966c63998", "size": 581, "tags": [2, 19], "zip_id": "cheats_folder_tgfx16"}, "Cheats/TGFX16/Image Fight (Japan) [A80C565F].zip": {"hash": "eebeba53b16e9d8441382286c4a4c9ff", "size": 235, "tags": [2, 19], "zip_id": "cheats_folder_tgfx16"}, "Cheats/TGFX16/Impossamole (USA) [E2470F5F].zip": {"hash": "9db44adfc01c20bcb6e1a0c079a4fcaa", "size": 511, "tags": [2, 19], "zip_id": "cheats_folder_tgfx16"}, "Cheats/TGFX16/J.J. & Jeff (USA) [E01C5127].zip": {"hash": "cabd315470c65688df05a656098b766b", "size": 525, "tags": [2, 19], "zip_id": "cheats_folder_tgfx16"}, "Cheats/TGFX16/J.League Greatest Eleven (Japan) [0AD97B04].zip": {"hash": "87589fc5ac0e9c5dcbb4f8e90806c344", "size": 384, "tags": [2, 19], "zip_id": "cheats_folder_tgfx16"}, "Cheats/TGFX16/Jack Nicklaus - Championship Golf (Japan) [EA751E82].zip": {"hash": "e58a0d995b5ea107bf4c337b57008db9", "size": 249, "tags": [2, 19], "zip_id": "cheats_folder_tgfx16"}, "Cheats/TGFX16/Jack Nicklaus' Turbo Golf (USA) [83384572].zip": {"hash": "e58a0d995b5ea107bf4c337b57008db9", "size": 249, "tags": [2, 19], "zip_id": "cheats_folder_tgfx16"}, "Cheats/TGFX16/Jackie Chan's Action Kung Fu (USA) [9D2F6193].zip": {"hash": "b2220d8a4aeded33fa97a70f253ae6fd", "size": 692, "tags": [2, 19], "zip_id": "cheats_folder_tgfx16"}, "Cheats/TGFX16/Jaseiken Necromancer (Japan) [53109AE6].zip": {"hash": "8ea91b2bbf22c0654b59641cbb0c0e84", "size": 1495, "tags": [2, 19], "zip_id": "cheats_folder_tgfx16"}, "Cheats/TGFX16/Jigoku Meguri (Japan) [CC7D3EEB].zip": {"hash": "6e5b93c14ab77169469917cd0c5164af", "size": 531, "tags": [2, 19], "zip_id": "cheats_folder_tgfx16"}, "Cheats/TGFX16/Jinmu Denshou (Japan) [C150637A].zip": {"hash": "5336314f4e7c541d05288e2f3581376c", "size": 373, "tags": [2, 19], "zip_id": "cheats_folder_tgfx16"}, "Cheats/TGFX16/Juuouki (Japan) [C8C7D63E].zip": {"hash": "13dfe4c9e0294337460f415c7a8c99fa", "size": 681, "tags": [2, 19], "zip_id": "cheats_folder_tgfx16"}, "Cheats/TGFX16/Kaizou Choujin Shubibinman (Japan) [A9084D6E].zip": {"hash": "df3ae295ab2b6ed6a638a6b34e205baf", "size": 394, "tags": [2, 19], "zip_id": "cheats_folder_tgfx16"}, "Cheats/TGFX16/Kaizou Choujin Shubibinman 2 - Aratanaru Teki (Japan) [109BA474].zip": {"hash": "dbd40849466ff309aa491ff2738b3ab7", "size": 656, "tags": [2, 19], "zip_id": "cheats_folder_tgfx16"}, "Cheats/TGFX16/Kato-chan Ken-chan (Japan) [6069C5E7].zip": {"hash": "8b6f6a7ed01fcfda3462471a1688ac7e", "size": 559, "tags": [2, 19], "zip_id": "cheats_folder_tgfx16"}, "Cheats/TGFX16/Kattobi! Takuhai-kun (Japan) [4F2844B0].zip": {"hash": "e6e271e8a5ee73fd1e2dbdd5539d784c", "size": 499, "tags": [2, 19], "zip_id": "cheats_folder_tgfx16"}, "Cheats/TGFX16/Keith Courage in Alpha Zones (USA) [474D7A72].zip": {"hash": "431d1828f9d82159317bc7ff1a05aae7", "size": 993, "tags": [2, 19], "zip_id": "cheats_folder_tgfx16"}, "Cheats/TGFX16/KickBall (Japan) [7E3C367B].zip": {"hash": "a99e95845c90dd97e9096e81dc08f7ee", "size": 632, "tags": [2, 19], "zip_id": "cheats_folder_tgfx16"}, "Cheats/TGFX16/Kiki Kaikai (Japan) [C0CB5ADD].zip": {"hash": "bb36b70ee17b66d3fb3760a7f650cc00", "size": 387, "tags": [2, 19], "zip_id": "cheats_folder_tgfx16"}, "Cheats/TGFX16/Klax (USA) [0F1B59B4].zip": {"hash": "bae0943a4c3bf6f3952480a00f6ae006", "size": 398, "tags": [2, 19], "zip_id": "cheats_folder_tgfx16"}, "Cheats/TGFX16/Knight Rider Special (Japan) [C614116C].zip": {"hash": "80bd4fccdda635e1740ca8707adb25a8", "size": 369, "tags": [2, 19], "zip_id": "cheats_folder_tgfx16"}, "Cheats/TGFX16/Kung Fu, The (Japan) [B552C906].zip": {"hash": "65d88f262560969ea01b153fc3e5bbeb", "size": 375, "tags": [2, 19], "zip_id": "cheats_folder_tgfx16"}, "Cheats/TGFX16/Kyuukyoku Tiger (Japan) [09509315].zip": {"hash": "a4f54d7fc1cb9508c936f3df8700f715", "size": 527, "tags": [2, 19], "zip_id": "cheats_folder_tgfx16"}, "Cheats/TGFX16/Lady Sword - Ryakudatsu Sareta 10-nin no Otome (Japan) (Unl) [C6F764EC].zip": {"hash": "def7f88dca0ed502142a31ced06fe55b", "size": 853, "tags": [2, 19], "zip_id": "cheats_folder_tgfx16"}, "Cheats/TGFX16/Legend of Hero Tonma (U) [0258ACCB].zip": {"hash": "9b3bf2d389064dc2b9fe6835e60beb88", "size": 371, "tags": [2, 19], "zip_id": "cheats_folder_tgfx16"}, "Cheats/TGFX16/Legend of Hero Tonma (USA) [3C131486].zip": {"hash": "f5738c1fb8615c13b6a51e9cd0046160", "size": 1497, "tags": [2, 19], "zip_id": "cheats_folder_tgfx16"}, "Cheats/TGFX16/Legendary Axe II (USA) [220EBF91].zip": {"hash": "6bf5c847e4a7950a45dc8af1c32b53db", "size": 1524, "tags": [2, 19], "zip_id": "cheats_folder_tgfx16"}, "Cheats/TGFX16/Legendary Axe, The (USA) [2D211007].zip": {"hash": "fa5e4515583c56185c291a8845389737", "size": 1129, "tags": [2, 19], "zip_id": "cheats_folder_tgfx16"}, "Cheats/TGFX16/Lode Runner - Lost Labyrinth (Japan) [E6EE1468].zip": {"hash": "fe1a9aeb97944597873d937fd34e8279", "size": 416, "tags": [2, 19], "zip_id": "cheats_folder_tgfx16"}, "Cheats/TGFX16/Madouou Granzort (J) (SGX) [1F041166].zip": {"hash": "f4387f50721148668378ebe83bbdc1a4", "size": 511, "tags": [2, 19], "zip_id": "cheats_folder_tgfx16"}, "Cheats/TGFX16/Maerchen Maze (Japan) [A15A1F37].zip": {"hash": "9c36b1142f0884743e2aed7dfee8a52b", "size": 801, "tags": [2, 19], "zip_id": "cheats_folder_tgfx16"}, "Cheats/TGFX16/Magical Chase (Japan) [DD0EBF8C].zip": {"hash": "ea4f764cf6773d98cfc200327c8fabeb", "size": 793, "tags": [2, 19], "zip_id": "cheats_folder_tgfx16"}, "Cheats/TGFX16/Magical Chase (USA) [95CD2979].zip": {"hash": "986ac2893f96fe2998ea64a7a8b4f440", "size": 943, "tags": [2, 19], "zip_id": "cheats_folder_tgfx16"}, "Cheats/TGFX16/Makai Prince Dorabocchan (Japan) [B101B333].zip": {"hash": "8e966b6f21401b73c096e18e55e1c054", "size": 1441, "tags": [2, 19], "zip_id": "cheats_folder_tgfx16"}, "Cheats/TGFX16/Maniac Pro Wres - Asu e no Tatakai (Japan) [99F2865C].zip": {"hash": "b1949eb07a43e9b60c0bd57c67ffa60e", "size": 1096, "tags": [2, 19], "zip_id": "cheats_folder_tgfx16"}, "Cheats/TGFX16/Mesopotamia (Japan) [E87190F1].zip": {"hash": "517b52179f0ab256bc97527a2e09e319", "size": 505, "tags": [2, 19], "zip_id": "cheats_folder_tgfx16"}, "Cheats/TGFX16/Metal Stoker (Japan) [25A02BEE].zip": {"hash": "a48fcf80b2ac12e845f35411a3603863", "size": 375, "tags": [2, 19], "zip_id": "cheats_folder_tgfx16"}, "Cheats/TGFX16/Military Madness (USA) [93F316F7].zip": {"hash": "478689dee7324a725ffdc6de99c2c95a", "size": 248, "tags": [2, 19], "zip_id": "cheats_folder_tgfx16"}, "Cheats/TGFX16/Mizubaku Daibouken (Japan) [B2EF558D].zip": {"hash": "4864e9f8e2bab9b5b92f140a5f89c6a8", "size": 373, "tags": [2, 19], "zip_id": "cheats_folder_tgfx16"}, "Cheats/TGFX16/Momotarou Densetsu Turbo (Japan) [625221A6].zip": {"hash": "13fe020acbdd5eea52131ddfa9c7ca3b", "size": 247, "tags": [2, 19], "zip_id": "cheats_folder_tgfx16"}, "Cheats/TGFX16/Momotarou Katsugeki (Japan) [345F43E9].zip": {"hash": "f5e22237673f259792a7d7a81545e353", "size": 1221, "tags": [2, 19], "zip_id": "cheats_folder_tgfx16"}, "Cheats/TGFX16/Monster Pro Wres (Japan) [F2E46D25].zip": {"hash": "11d5da1c0b13439117d7e004151c0392", "size": 1380, "tags": [2, 19], "zip_id": "cheats_folder_tgfx16"}, "Cheats/TGFX16/Moto Roader (USA) [E2B0D544].zip": {"hash": "87ebd4ce439e7f5d6163aeea7974291a", "size": 395, "tags": [2, 19], "zip_id": "cheats_folder_tgfx16"}, "Cheats/TGFX16/Moto Roader II (Japan) [0B7F6E5F].zip": {"hash": "00b828e3fa7ba8fca67997a46cb9b44e", "size": 543, "tags": [2, 19], "zip_id": "cheats_folder_tgfx16"}, "Cheats/TGFX16/Mr. Heli no Daibouken (Japan) [2CB92290].zip": {"hash": "ed24e29828a06555d5e401d6a7deb696", "size": 684, "tags": [2, 19], "zip_id": "cheats_folder_tgfx16"}, "Cheats/TGFX16/Naxat Open (Japan) [60ECAE22].zip": {"hash": "47cb5031c92ed4a1cf9653a0d059dad3", "size": 249, "tags": [2, 19], "zip_id": "cheats_folder_tgfx16"}, "Cheats/TGFX16/Naxat Stadium (Japan) [20A7D128].zip": {"hash": "0761080adacb334e85ad797d7cc7a5f7", "size": 668, "tags": [2, 19], "zip_id": "cheats_folder_tgfx16"}, "Cheats/TGFX16/Naxat Stadium (Tai Sang Version) (J) [FBA3A1A4].zip": {"hash": "0761080adacb334e85ad797d7cc7a5f7", "size": 668, "tags": [2, 19], "zip_id": "cheats_folder_tgfx16"}, "Cheats/TGFX16/Necros no Yousai (Japan) [FB0FDCFE].zip": {"hash": "e8511fbe1621f643a1673631f0a89208", "size": 647, "tags": [2, 19], "zip_id": "cheats_folder_tgfx16"}, "Cheats/TGFX16/Nekketsu Koukou Dodgeball-bu - PC Bangai Hen (Japan) [65FDB863].zip": {"hash": "8cb99a6fdcda84e6bcb624b01048c6fd", "size": 253, "tags": [2, 19], "zip_id": "cheats_folder_tgfx16"}, "Cheats/TGFX16/Nekketsu Koukou Dodgeball-bu - PC Soccer Hen (Japan) [F2285C6D].zip": {"hash": "9dbaa86dd12a4148aa4f624f9281bbad", "size": 236, "tags": [2, 19], "zip_id": "cheats_folder_tgfx16"}, "Cheats/TGFX16/Neutopia (USA) [A9A94E1B].zip": {"hash": "fec8a1c7b291aa735b87fca5141909d0", "size": 2544, "tags": [2, 19], "zip_id": "cheats_folder_tgfx16"}, "Cheats/TGFX16/Neutopia II (USA) [C4ED4307].zip": {"hash": "7dc2e020c0ea584768dce2c429abb602", "size": 3867, "tags": [2, 19], "zip_id": "cheats_folder_tgfx16"}, "Cheats/TGFX16/New Adventure Island (USA) [756A1802].zip": {"hash": "7baedec971bdeb373b00de34e1dd4d67", "size": 659, "tags": [2, 19], "zip_id": "cheats_folder_tgfx16"}, "Cheats/TGFX16/NewZealand Story, The (Japan) [8E4D75A8].zip": {"hash": "0c123a42195868c69f66138da2574ecc", "size": 547, "tags": [2, 19], "zip_id": "cheats_folder_tgfx16"}, "Cheats/TGFX16/Night Creatures (USA) [C159761B].zip": {"hash": "9c4611cdf186587ea330edba07a99a40", "size": 2302, "tags": [2, 19], "zip_id": "cheats_folder_tgfx16"}, "Cheats/TGFX16/Niko Niko Pun (Japan) [82DEF9EE].zip": {"hash": "e4c8d7a6928e6f4416e8d0143b85b773", "size": 365, "tags": [2, 19], "zip_id": "cheats_folder_tgfx16"}, "Cheats/TGFX16/Ninja Ryuukenden (Japan) (En,Ja,Zh) [67573BAC].zip": {"hash": "6109b5e4f6deaeddc0bac9331a83454f", "size": 946, "tags": [2, 19], "zip_id": "cheats_folder_tgfx16"}, "Cheats/TGFX16/Ninja Spirit (USA) [DE8AF1C1].zip": {"hash": "3f815b4060908ccd20d01904df401cb8", "size": 807, "tags": [2, 19], "zip_id": "cheats_folder_tgfx16"}, "Cheats/TGFX16/Ninja Warriors, The (Japan) [96E0CD9D].zip": {"hash": "dc3e5451ba3d4f1320c9a5985b229f23", "size": 515, "tags": [2, 19], "zip_id": "cheats_folder_tgfx16"}, "Cheats/TGFX16/Obocchama-kun (Japan) [4D3B0BC9].zip": {"hash": "e96ad3ceb0036fad4c452f8ca2103ff2", "size": 235, "tags": [2, 19], "zip_id": "cheats_folder_tgfx16"}, "Cheats/TGFX16/Operation Wolf (Japan) [FF898F87].zip": {"hash": "7eb1ed4ed42d3a99df81819409524d17", "size": 675, "tags": [2, 19], "zip_id": "cheats_folder_tgfx16"}, "Cheats/TGFX16/Ordyne (USA) [E7BF2A74].zip": {"hash": "c0a867f014ef9ec3eba9c35f37e98bfb", "size": 1563, "tags": [2, 19], "zip_id": "cheats_folder_tgfx16"}, "Cheats/TGFX16/Out Live (Japan) [5CDB3F5B].zip": {"hash": "d92dbe07bd44d90bd5276d034244fa1e", "size": 251, "tags": [2, 19], "zip_id": "cheats_folder_tgfx16"}, "Cheats/TGFX16/Out Run (Japan) [E203F223].zip": {"hash": "893f5181e8e0c4676c9128e018973315", "size": 563, "tags": [2, 19], "zip_id": "cheats_folder_tgfx16"}, "Cheats/TGFX16/Override (Japan) [B74EC562].zip": {"hash": "5ce888a26e23a1b9916366b5f3c79d1c", "size": 511, "tags": [2, 19], "zip_id": "cheats_folder_tgfx16"}, "Cheats/TGFX16/P-47 - The Freedom Fighter (Japan) [7632DB90].zip": {"hash": "f5df08dd3a0ad76f8af809c240826266", "size": 373, "tags": [2, 19], "zip_id": "cheats_folder_tgfx16"}, "Cheats/TGFX16/PC Denjin - Punkic Cyborgs (Japan) [740491C2].zip": {"hash": "aefa88c5fe89fedb94ef0f9741e7c371", "size": 510, "tags": [2, 19], "zip_id": "cheats_folder_tgfx16"}, "Cheats/TGFX16/PC Genjin - Pithecanthropus Computerurus (Japan) [2CB5CD55].zip": {"hash": "7abd58b43e74ef69e12950364deb0db2", "size": 515, "tags": [2, 19], "zip_id": "cheats_folder_tgfx16"}, "Cheats/TGFX16/PC Genjin 2 - Pithecanthropus Computerurus (Japan) [3028F7CA].zip": {"hash": "a1e18c22a578481a4d1c6b19b783e6df", "size": 645, "tags": [2, 19], "zip_id": "cheats_folder_tgfx16"}, "Cheats/TGFX16/PC Genjin 3 - Pithecanthropus Computerurus (Japan) [A170B60E].zip": {"hash": "309fc64f1fc613b380fac878d32bb117", "size": 717, "tags": [2, 19], "zip_id": "cheats_folder_tgfx16"}, "Cheats/TGFX16/Pac-Land (USA) [D6E30CCD].zip": {"hash": "180a4a92b0ee226a05f974c5c5e05c26", "size": 394, "tags": [2, 19], "zip_id": "cheats_folder_tgfx16"}, "Cheats/TGFX16/Paranoia (Japan) [9893E0E6].zip": {"hash": "e0a485e30de9cfa834b2d30ca0f2bfbc", "size": 243, "tags": [2, 19], "zip_id": "cheats_folder_tgfx16"}, "Cheats/TGFX16/Parasol Stars - The Story of Bubble Bobble III (USA) [E6458212].zip": {"hash": "0e5d2fcc9956dbb0f2d71e246b581de7", "size": 1104, "tags": [2, 19], "zip_id": "cheats_folder_tgfx16"}, "Cheats/TGFX16/Parodius Da! - Shinwa kara Owarai e (Japan) [647718F9].zip": {"hash": "1faa8f99daa24e107f8cbf45b0c377de", "size": 392, "tags": [2, 19], "zip_id": "cheats_folder_tgfx16"}, "Cheats/TGFX16/Power Eleven (Japan) [3E647D8B].zip": {"hash": "5dd191cad17fa1bf6fa1025a6e6153e1", "size": 513, "tags": [2, 19], "zip_id": "cheats_folder_tgfx16"}, "Cheats/TGFX16/Power Gate (Japan) [BE8B6E3B].zip": {"hash": "616d75f7f6103826b00c362807225d99", "size": 243, "tags": [2, 19], "zip_id": "cheats_folder_tgfx16"}, "Cheats/TGFX16/Power League '93 (Japan) [7D3E6F33].zip": {"hash": "4e733c8e8fad5d0713fad287ca8d2d68", "size": 786, "tags": [2, 19], "zip_id": "cheats_folder_tgfx16"}, "Cheats/TGFX16/Power League (Japan) [69180984].zip": {"hash": "872a53bb85aa92eb0f13951cf324ed6d", "size": 676, "tags": [2, 19], "zip_id": "cheats_folder_tgfx16"}, "Cheats/TGFX16/Power League 4 (Japan) [30CC3563].zip": {"hash": "a3737585eb23c86ba6e26094483a6fac", "size": 790, "tags": [2, 19], "zip_id": "cheats_folder_tgfx16"}, "Cheats/TGFX16/Power League 5 (Japan) [8B61E029].zip": {"hash": "a3737585eb23c86ba6e26094483a6fac", "size": 790, "tags": [2, 19], "zip_id": "cheats_folder_tgfx16"}, "Cheats/TGFX16/Power League II (Japan) [C5FDFA89].zip": {"hash": "a3737585eb23c86ba6e26094483a6fac", "size": 790, "tags": [2, 19], "zip_id": "cheats_folder_tgfx16"}, "Cheats/TGFX16/Power League III (Japan) [8AA4B220].zip": {"hash": "a3737585eb23c86ba6e26094483a6fac", "size": 790, "tags": [2, 19], "zip_id": "cheats_folder_tgfx16"}, "Cheats/TGFX16/Pro Yakyuu World Stadium '91 (Japan) [66B167A9].zip": {"hash": "6057b68235645a45f6b4068c01662ee3", "size": 785, "tags": [2, 19], "zip_id": "cheats_folder_tgfx16"}, "Cheats/TGFX16/Pro Yakyuu World Stadium (Japan) [34E089A9].zip": {"hash": "6057b68235645a45f6b4068c01662ee3", "size": 785, "tags": [2, 19], "zip_id": "cheats_folder_tgfx16"}, "Cheats/TGFX16/Psycho Chaser (Japan) [03883EE8].zip": {"hash": "5cd5f1d1e4158079bd46bbb68c140067", "size": 510, "tags": [2, 19], "zip_id": "cheats_folder_tgfx16"}, "Cheats/TGFX16/Psychosis (USA) [6CC10824].zip": {"hash": "5b52f310b48ad8765158e0d65543f2a8", "size": 377, "tags": [2, 19], "zip_id": "cheats_folder_tgfx16"}, "Cheats/TGFX16/Puzznic (Japan) [965C95B3].zip": {"hash": "6fee9c3d3631cf98039b51d58a5c033b", "size": 377, "tags": [2, 19], "zip_id": "cheats_folder_tgfx16"}, "Cheats/TGFX16/R-Type (Tai Sang Version) (J) [45FC8CB9].zip": {"hash": "ee3bfcbe334c5de8c1533eca16f909ce", "size": 545, "tags": [2, 19], "zip_id": "cheats_folder_tgfx16"}, "Cheats/TGFX16/R-Type (USA) [91CE5156].zip": {"hash": "b855662f8ef0018cb93655ba6f24fbee", "size": 904, "tags": [2, 19], "zip_id": "cheats_folder_tgfx16"}, "Cheats/TGFX16/R-Type I (Japan) [CEC3D28A].zip": {"hash": "7540bae12d8a6fc4eef5321feeebb6ca", "size": 689, "tags": [2, 19], "zip_id": "cheats_folder_tgfx16"}, "Cheats/TGFX16/R-Type II (Japan) [F207ECAE].zip": {"hash": "4b16b1a0f38e39345201cf187a36bbc4", "size": 545, "tags": [2, 19], "zip_id": "cheats_folder_tgfx16"}, "Cheats/TGFX16/R-Type Part-2 (Tai Sang Version) (J) [CE4FBEFE].zip": {"hash": "4b16b1a0f38e39345201cf187a36bbc4", "size": 545, "tags": [2, 19], "zip_id": "cheats_folder_tgfx16"}, "Cheats/TGFX16/Rabio Lepus Special (Japan) [D8373DE6].zip": {"hash": "b63025ff7cd2611ddd96b2632018920a", "size": 826, "tags": [2, 19], "zip_id": "cheats_folder_tgfx16"}, "Cheats/TGFX16/Racing Damashii (Japan) [3E79734C].zip": {"hash": "28bf834871ed790eb4ada9aaab272fae", "size": 388, "tags": [2, 19], "zip_id": "cheats_folder_tgfx16"}, "Cheats/TGFX16/Raiden (USA) [BC59C31E].zip": {"hash": "fa1844df14f5bc799ba681b564639ac2", "size": 974, "tags": [2, 19], "zip_id": "cheats_folder_tgfx16"}, "Cheats/TGFX16/Rastan Saga II (Japan) [00C38E69].zip": {"hash": "5ee8befebe4c681275a2bf07f019bdb7", "size": 520, "tags": [2, 19], "zip_id": "cheats_folder_tgfx16"}, "Cheats/TGFX16/Rock-On (Japan) [2FD65312].zip": {"hash": "28ac5d7b34106fc961526cc61151cf5a", "size": 654, "tags": [2, 19], "zip_id": "cheats_folder_tgfx16"}, "Cheats/TGFX16/Salamander (Japan) [FAECCE20].zip": {"hash": "a693b31a1a1dfffbdbdd38098f5548c7", "size": 529, "tags": [2, 19], "zip_id": "cheats_folder_tgfx16"}, "Cheats/TGFX16/Samurai-Ghost (USA) [77A924B7].zip": {"hash": "aeb4ead226099991c191a2a3ff414116", "size": 400, "tags": [2, 19], "zip_id": "cheats_folder_tgfx16"}, "Cheats/TGFX16/Shinobi (Japan) [BC655CF3].zip": {"hash": "ec2ea82c263f11ce869dc1fbc5a970a1", "size": 815, "tags": [2, 19], "zip_id": "cheats_folder_tgfx16"}, "Cheats/TGFX16/Shiryou Sensen - War of the Dead (Japan) [469A0FDF].zip": {"hash": "86ac9f613e842e63cf1f459ecab14a39", "size": 255, "tags": [2, 19], "zip_id": "cheats_folder_tgfx16"}, "Cheats/TGFX16/Shockman (USA) [2774462C].zip": {"hash": "e32a2eb058fd6454618cf70b391d76ca", "size": 824, "tags": [2, 19], "zip_id": "cheats_folder_tgfx16"}, "Cheats/TGFX16/SideArms (USA) [D1993C9F].zip": {"hash": "3df20e7a6cf1a7345eb1c78b6f7a3b47", "size": 657, "tags": [2, 19], "zip_id": "cheats_folder_tgfx16"}, "Cheats/TGFX16/SideArms - Hyper Dyne (Japan) [E5E7B8B7].zip": {"hash": "3df20e7a6cf1a7345eb1c78b6f7a3b47", "size": 657, "tags": [2, 19], "zip_id": "cheats_folder_tgfx16"}, "Cheats/TGFX16/Silent Debuggers (USA) [FA7E5D66].zip": {"hash": "ae58c1128db6d0d4c7e0d5287240a8bf", "size": 845, "tags": [2, 19], "zip_id": "cheats_folder_tgfx16"}, "Cheats/TGFX16/Sinistron (USA) [4F6E2DBD].zip": {"hash": "e8db537ac8a826414e4f36da842868e4", "size": 243, "tags": [2, 19], "zip_id": "cheats_folder_tgfx16"}, "Cheats/TGFX16/Skweek (Japan) [4D539C9F].zip": {"hash": "9715d4f0095d74bfdd68ad08743105c4", "size": 409, "tags": [2, 19], "zip_id": "cheats_folder_tgfx16"}, "Cheats/TGFX16/Soldier Blade (USA) [4BB68B13].zip": {"hash": "a06a58495b3450c5ffc2ba9fd390cdda", "size": 533, "tags": [2, 19], "zip_id": "cheats_folder_tgfx16"}, "Cheats/TGFX16/Somer Assault (USA) [8FCAF2E9].zip": {"hash": "bebbd41a4c15b364a13eba46d59f64b3", "size": 519, "tags": [2, 19], "zip_id": "cheats_folder_tgfx16"}, "Cheats/TGFX16/Son Son II (Japan) [D7921DF2].zip": {"hash": "fc9cd77055b7fea6decd6d09fa939c27", "size": 515, "tags": [2, 19], "zip_id": "cheats_folder_tgfx16"}, "Cheats/TGFX16/Space Harrier (USA) [43B05EB8].zip": {"hash": "70a8d437da3d83cee5f9fa15b40efb15", "size": 373, "tags": [2, 19], "zip_id": "cheats_folder_tgfx16"}, "Cheats/TGFX16/Splatterhouse (USA) [D00CA74F].zip": {"hash": "bc20a208c3a57feea85e7cff587b3f80", "size": 2238, "tags": [2, 19], "zip_id": "cheats_folder_tgfx16"}, "Cheats/TGFX16/Street Fighter II' - Champion Edition (Japan) [D15CB6BB].zip": {"hash": "6e7d35af87b2aaacc711e91300b1e3e8", "size": 1855, "tags": [2, 19], "zip_id": "cheats_folder_tgfx16"}, "Cheats/TGFX16/Strip Fighter II (Japan) (Unl) [D6FC51CE].zip": {"hash": "d8ee79346e1395a8045b814b8055bc84", "size": 883, "tags": [2, 19], "zip_id": "cheats_folder_tgfx16"}, "Cheats/TGFX16/Super Mario Bros [3347B4C8].zip": {"hash": "0cb3184587641b28e5c84c4fa959a641", "size": 251, "tags": [2, 19], "zip_id": "cheats_folder_tgfx16"}, "Cheats/TGFX16/Super Metal Crusher (Japan) [56488B36].zip": {"hash": "f0370e09c64fca2041e1bdf2f0015195", "size": 4467, "tags": [2, 19], "zip_id": "cheats_folder_tgfx16"}, "Cheats/TGFX16/Super Star Soldier (USA) [DB29486F].zip": {"hash": "2220a946c0b3e26dfc00878a24ed3854", "size": 373, "tags": [2, 19], "zip_id": "cheats_folder_tgfx16"}, "Cheats/TGFX16/Super Volleyball (USA) [245040B3].zip": {"hash": "7fa58d977addbe5636ebf5f6ace6b08d", "size": 386, "tags": [2, 19], "zip_id": "cheats_folder_tgfx16"}, "Cheats/TGFX16/Susanoou Densetsu (Japan) [CF73D8FC].zip": {"hash": "6c9b3c93039cdb06bb33e6496f6b2999", "size": 755, "tags": [2, 19], "zip_id": "cheats_folder_tgfx16"}, "Cheats/TGFX16/TV Sports Basketball (USA) [EA54D653].zip": {"hash": "abf271f8616ced612d78925dce9a9274", "size": 677, "tags": [2, 19], "zip_id": "cheats_folder_tgfx16"}, "Cheats/TGFX16/TV Sports Football (USA) [5E25B557].zip": {"hash": "aebd02d6285741922fa7ce08dfb92a77", "size": 529, "tags": [2, 19], "zip_id": "cheats_folder_tgfx16"}, "Cheats/TGFX16/TV Sports Hockey (USA) [97FE5BCF].zip": {"hash": "efe4a1a6f7dca143d46d0a30bfd409fc", "size": 380, "tags": [2, 19], "zip_id": "cheats_folder_tgfx16"}, "Cheats/TGFX16/Takahashi Meijin no Shin Bouken-jima (Japan) [E415EA19].zip": {"hash": "73075cfb8544a495edef2febadecc0d7", "size": 400, "tags": [2, 19], "zip_id": "cheats_folder_tgfx16"}, "Cheats/TGFX16/Takeda Shingen (Japan) [F022BE13].zip": {"hash": "bb1890b0a6a56e93ad8011a1dc87e37c", "size": 512, "tags": [2, 19], "zip_id": "cheats_folder_tgfx16"}, "Cheats/TGFX16/Takin' it to the Hoop (USA) [E9D51797].zip": {"hash": "b7908638573f8a53bf2c5622c4e18a82", "size": 245, "tags": [2, 19], "zip_id": "cheats_folder_tgfx16"}, "Cheats/TGFX16/TaleSpin (USA) [BAE9CECC].zip": {"hash": "2d65f2a14fb7581c6440cf0b059fb579", "size": 515, "tags": [2, 19], "zip_id": "cheats_folder_tgfx16"}, "Cheats/TGFX16/Tatsujin (Japan) [A6088275].zip": {"hash": "22af8df66a8a39ed682a874ef3b94cb5", "size": 527, "tags": [2, 19], "zip_id": "cheats_folder_tgfx16"}, "Cheats/TGFX16/Tatsunoko Fighter (Japan) [EEB6DD43].zip": {"hash": "af62a258657996b8d05ad3b75513e3fb", "size": 505, "tags": [2, 19], "zip_id": "cheats_folder_tgfx16"}, "Cheats/TGFX16/Tenseiryuu - Saint Dragon (Japan) [2E278CCB].zip": {"hash": "469e602f4809d4faecb45144aeb9f3e6", "size": 243, "tags": [2, 19], "zip_id": "cheats_folder_tgfx16"}, "Cheats/TGFX16/Terra Cresta II - Mandoler no Gyakushuu (Japan) [1B2D0077].zip": {"hash": "8db9cfee56fb5f284cff0ef5072b3f1c", "size": 526, "tags": [2, 19], "zip_id": "cheats_folder_tgfx16"}, "Cheats/TGFX16/Thunder Blade (Japan) [DDC3E809].zip": {"hash": "75b83ba5e90b859967945d87cb90ff61", "size": 243, "tags": [2, 19], "zip_id": "cheats_folder_tgfx16"}, "Cheats/TGFX16/Tiger Road (USA) [985D492D].zip": {"hash": "0c53bfcdb0b523678c12120cb8f825b5", "size": 509, "tags": [2, 19], "zip_id": "cheats_folder_tgfx16"}, "Cheats/TGFX16/Time Cruise (USA) [02C39660].zip": {"hash": "25d3af66b2f957b45abe5afe2e40f2e1", "size": 578, "tags": [2, 19], "zip_id": "cheats_folder_tgfx16"}, "Cheats/TGFX16/Time Cruise II (Japan) [CFEC1D6A].zip": {"hash": "a4a75025c41c88d5391a324693d68288", "size": 243, "tags": [2, 19], "zip_id": "cheats_folder_tgfx16"}, "Cheats/TGFX16/Titan (Japan) [D20F382F].zip": {"hash": "654c6a7927785e13f4220ffca8e164a8", "size": 247, "tags": [2, 19], "zip_id": "cheats_folder_tgfx16"}, "Cheats/TGFX16/Toilet Kids (Japan) [53B7784B].zip": {"hash": "b3a45a857885eba9302ad0482bbb8f40", "size": 661, "tags": [2, 19], "zip_id": "cheats_folder_tgfx16"}, "Cheats/TGFX16/Tora e no Michi (Japan) [82AE3B16].zip": {"hash": "e519187950cac457cb523651a666a671", "size": 385, "tags": [2, 19], "zip_id": "cheats_folder_tgfx16"}, "Cheats/TGFX16/Tower of Druaga, The (Japan) [72E00BC4].zip": {"hash": "2afe6b6b5b84f25c7e512f841a873667", "size": 3676, "tags": [2, 19], "zip_id": "cheats_folder_tgfx16"}, "Cheats/TGFX16/Toy Shop Boys (Japan) [97C5EE9A].zip": {"hash": "659be4c0ef0f1aacc8d435779cbe23a8", "size": 499, "tags": [2, 19], "zip_id": "cheats_folder_tgfx16"}, "Cheats/TGFX16/Tricky (Japan) [3AEA2F8F].zip": {"hash": "cceceec2617c8556aa744aaba2e337f5", "size": 797, "tags": [2, 19], "zip_id": "cheats_folder_tgfx16"}, "Cheats/TGFX16/Tricky Kick (USA) [48E6FD34].zip": {"hash": "26794e939ba50dae382517ef91700a2b", "size": 797, "tags": [2, 19], "zip_id": "cheats_folder_tgfx16"}, "Cheats/TGFX16/Turrican (USA) [EB045EDF].zip": {"hash": "24679fa9dde2ce9a2608116f27038104", "size": 834, "tags": [2, 19], "zip_id": "cheats_folder_tgfx16"}, "Cheats/TGFX16/USA Pro Basketball (Japan) [1CAD4B7F].zip": {"hash": "b7908638573f8a53bf2c5622c4e18a82", "size": 245, "tags": [2, 19], "zip_id": "cheats_folder_tgfx16"}, "Cheats/TGFX16/Valkyrie no Densetsu (Japan) [A3303978].zip": {"hash": "12829052a5955f52e4dec716267bb2ed", "size": 523, "tags": [2, 19], "zip_id": "cheats_folder_tgfx16"}, "Cheats/TGFX16/Veigues - Tactical Gladiator (USA) [99D14FB7].zip": {"hash": "2bf8c3f6497e814154feb6deab95ec47", "size": 1558, "tags": [2, 19], "zip_id": "cheats_folder_tgfx16"}, "Cheats/TGFX16/Vigilante (USA) [79D49A0D].zip": {"hash": "32b94695281b7306860fea37598b8db2", "size": 1357, "tags": [2, 19], "zip_id": "cheats_folder_tgfx16"}, "Cheats/TGFX16/Violent Soldier (Japan) [1BC36B36].zip": {"hash": "d8d9618919f933b322dd45c0f8314529", "size": 790, "tags": [2, 19], "zip_id": "cheats_folder_tgfx16"}, "Cheats/TGFX16/Volfied (Japan) [AD226F30].zip": {"hash": "b603cc35d550cc84ab5bba361ec5b114", "size": 243, "tags": [2, 19], "zip_id": "cheats_folder_tgfx16"}, "Cheats/TGFX16/W Ring - The Double Rings (J) [a1] [5EB0CD7E].zip": {"hash": "0e0adbf767a3945fbdedf649d7c377ee", "size": 243, "tags": [2, 19], "zip_id": "cheats_folder_tgfx16"}, "Cheats/TGFX16/W-Ring - The Double Rings (Japan) [BE990010].zip": {"hash": "5f9d93b374dabace2801bc5323d8ab23", "size": 394, "tags": [2, 19], "zip_id": "cheats_folder_tgfx16"}, "Cheats/TGFX16/Wonder Momo (Japan) [59D07314].zip": {"hash": "cda920525ad24bf23f9fbb47699a2ef3", "size": 249, "tags": [2, 19], "zip_id": "cheats_folder_tgfx16"}, "Cheats/TGFX16/World Class Baseball (USA) [4186D0C0].zip": {"hash": "44e8c0b97745bd17f23d9296929f5696", "size": 937, "tags": [2, 19], "zip_id": "cheats_folder_tgfx16"}, "Cheats/TGFX16/World Court Tennis (USA) [A4457DF0].zip": {"hash": "6157802e16b437afce0ea52b703b19ae", "size": 703, "tags": [2, 19], "zip_id": "cheats_folder_tgfx16"}, "Cheats/TGFX16/Youkai Douchuuki (Japan) [F131B706].zip": {"hash": "cf0af7c78bc467580e7ef1ae5ec5f870", "size": 505, "tags": [2, 19], "zip_id": "cheats_folder_tgfx16"}, "Cheats/TGFX16/Zero4 Champ (Japan) (v1.5) [B77F2E2F].zip": {"hash": "e1784fd27a3a91bf57df943d85fe9023", "size": 259, "tags": [2, 19], "zip_id": "cheats_folder_tgfx16"}, "Cheats/TGFX16/Zipang (Japan) [67AAB7A1].zip": {"hash": "4537ad5387e6facffb440b17be7e78dd", "size": 532, "tags": [2, 19], "zip_id": "cheats_folder_tgfx16"}}, "folders": {"Cheats": {"tags": [19], "zip_id": "cheats_folder_tgfx16"}, "Cheats/TGFX16": {"tags": [2, 19], "zip_id": "cheats_folder_tgfx16"}}}